,gauge_id,station_name,river,altitude,area,xrkko08,yhkko09,latitude,longitude
0,203364,St. Leonhard (Summenpegel),Königssee m. Almkanal,446.14,428.2,378207.36,425212.55,47.72594897072666,13.04199013511841
1,207035,Wehrstelle KW Aschach,Donau,260.0,78190.0,451348.01,498818.15,48.38644587841441,14.025964257811484
2,207902,St. Veit an der Gölsen,Gölsen,372.08,211.1,575851.44,463322.71,48.045237159436105,15.692127896357931
3,209775,Windigsteig,Thauabach,484.17,107.1,543468.54,542485.16,48.76508439089037,15.284441567282961
4,214536,Totes Weib,Mürz,847.32,103.7,561462.9,427633.46,47.72803963243265,15.48591588201137
5,211813,Frauental (Wildbach),Wildbach,327.0,50.5,546759.18,327201.1,46.8281682589223,15.256805229741186
6,212407,Möllbrücke,Möll,555.0,1097.7,402880.81,326410.2,46.83733644784171,13.37041159718471
7,212704,Neudorf,Gössering,581.56,75.2,403118.28,302058.62,46.618225026102984,13.373372375865783
8,201582,Mühlen,Navisbach,1009.08,61.5,257892.3,359093.37,47.115947429115025,11.459334138238153
9,202259,Thiersee,Thierseebach,615.66,6.2,308761.7,411025.41,47.5922332195588,12.119041355178311
10,211722,Rettenegg,Feistritz,849.97,43.0,585003.73,405562.14,47.52327367102416,15.790375356249056
11,213686,Alte Schmiede,St. Oswald Bach,1304.12,13.5,433565.6,327580.41,46.84703140058632,13.772834128362517
12,213496,Reifnitz,Reifnitzbach,440.93,34.9,465002.61,301040.16,46.60589973538035,14.181301295720143
13,212985,Pörtschach-See,Wörthersee,438.89,162.1,461654.99,304150.13,46.634200036953935,14.138018292028411
14,213009,Viktring,Viktringer Bach,447.37,12.5,471966.95,299545.75,46.59173624643747,14.27198157200248
15,213025,Weinländer,Glanfurt,434.2,201.3,475026.35,300545.35,46.60039104932539,14.312073220797723
16,213033,Zell,Glan,410.44,817.9,481832.96,301265.51,46.60606604998127,14.401047184836015
17,213041,Gumisch,Gurk,394.38,2555.4,487727.13,301344.3,46.60602186382516,14.478004627374116
18,213348,Unterburg-See,Klopeiner See,445.14,4.1,496731.02,301328.32,46.604626375813524,14.595534952595946
19,213579,Gösselsdorf-See,Gösselsdorfer See,466.66,29.8,498655.43,297039.21,46.56575611799759,14.61972982948903
20,213942,St. Stefan,Globasnitzbach,511.21,21.1,505717.39,298041.59,46.57368656063587,14.712074168346911
21,213389,Kaunz,Wölfnitzbach,523.21,28.1,507281.94,315300.8,46.72870643461924,14.73653951500715
22,213520,Loibach,Loibach,485.61,19.9,513232.84,296855.29,46.56177454843396,14.809820791907118
23,213173,Lavamünd Ort,Drau,338.02,11043.0,523010.67,305825.93,46.640734388515945,14.939752194659427
24,213363,Bad St. Leonhard,Lavant,668.2,200.6,511854.75,340413.29,46.95386599429895,14.802566725997494
25,213538,Waldenstein,Waldensteiner Bach,695.13,101.0,517302.38,337489.08,46.926612061589616,14.873377989107926
26,213314,St. Jakob,Weißenbach,459.87,55.9,514535.72,327923.25,46.84104326975769,14.834624807485522
27,213371,Fischering,Lavant,409.75,715.6,514767.82,321586.94,46.7840007966017,14.836063918887076
28,213819,St. Paul,Granitzbach,374.48,61.1,517606.54,312293.37,46.69989665551665,14.870836307018914
29,213090,Krottendorf,Lavant,354.05,954.5,523353.9,308304.78,46.66296975505413,14.94490555014538
30,200014,Bangs,Rhein,419.93,4654.4,112844.23,381943.4,47.27374687424148,9.534836699065645
31,200022,Gaschurn (VIW),Ill,946.82,145.4,148345.86,348834.8,46.99077337968767,10.022412340535968
32,200030,Gargellen,Suggadinbach,1402.24,39.9,140367.26,346943.35,46.97066186103956,9.918690009347891
33,200048,Schruns (Vonbunweg),Litz,673.25,101.4,140522.51,359133.56,47.08030259739119,9.913673288389285
34,200055,Vandans (VIW),Ill,624.83,510.9,137087.29,361183.19,47.09735645895886,9.867264736832189
35,231662,Lorüns-Äule,Ill,578.53,534.6,135785.51,365187.15,47.13282299824639,9.847761774951971
36,200592,Klösterle (ÖBB),Alfenz,1014.35,66.5,151988.52,364055.59,47.1289933504615,10.061838643886057
37,231670,Nenzing,Ill,510.32,846.1,127626.29,370518.66,47.17739787700184,9.737042422132754
38,200105,Garsella,Lutz,730.09,95.7,138381.47,375510.02,47.22665693065965,9.875896668569858
39,231688,Beschling,Ill,484.88,1135.8,123340.85,373267.39,47.20030352998291,9.678847074192719
40,200501,Amerlügen,Samina,603.3,68.9,118480.31,374129.61,47.2059769715056,9.61420744668059
41,200121,Frastanz,Ill,460.48,1268.1,118499.67,376518.77,47.22745767815545,9.612951867208926
42,200147,Gisingen,Ill,434.3,1278.2,116099.48,380295.16,47.26035806892446,9.578874678509495
43,200154,Laterns,Frutz,830.98,33.3,127416.57,379377.24,47.256931872503905,9.728852943351896
44,200642,Sulz,Frutz,453.73,85.5,119986.58,383461.93,47.29049822822576,9.62819490841381
45,200527,Brederis,Ehbach,427.19,24.9,117377.12,382828.54,47.283680619914584,9.594129626517383
46,200162,Meiningen (Güfel),Ehbach,419.32,41.3,116372.12,385322.31,47.3056564425751,9.579262705456014
47,200196,Lustenau (Höchster Brücke),Rhein,393.51,6301.1,123436.22,401228.31,47.45164603990354,9.662660048445778
48,200204,Enz,Dornbirnerach,467.06,53.1,130609.84,394830.83,47.39715641941991,9.761618621597309
49,200428,Schwarzach,Schwarzach,425.18,17.5,130664.99,400426.84,47.44747612898376,9.758936074268908
50,200212,Hoher Steg,Dornbirnerach,398.5,113.8,126232.98,400677.09,47.44787507871268,9.70005998666865
51,200576,Hohenems,Emsbach,408.81,7.4,124257.57,392375.27,47.37242761987164,9.67906798203606
52,200220,Lustenau (Hofsteig),Rheintalbinnenkanal,399.52,78.5,125876.16,399209.32,47.434533047486546,9.696243994354273
53,200410,Lauterach,Dornbirnerach,394.53,197.5,124933.71,402391.92,47.46273902850285,9.68177638157335
54,200246,Hopfreben,Bregenzerach,943.52,40.9,151641.15,381472.19,47.28543171421,10.04754769900427
55,200253,Au,Bregenzerach,773.66,147.1,146240.96,386398.22,47.32763488252636,9.973389119713742
56,200261,Mellau,Bregenzerach,671.42,227.4,139409.26,389704.95,47.35466313581918,9.881124777553648
57,200493,Reuthe,Bizauerbach,643.86,14.3,140594.15,391443.79,47.37076598920669,9.895778862078245
58,200568,Reuthe (Wehr),Bregenzerach,623.0,276.2,139585.33,393303.56,47.38708033764474,9.88133595159133
59,200550,Bersbuch,Bregenzerach,560.0,295.7,139228.23,395143.07,47.40347211052027,9.875524539928628
60,200287,Schönenbach (Hengstig),Subersach,980.72,30.9,151606.81,392649.02,47.3858932763053,10.040828180304194
61,200295,Lingenau,Subersach,589.52,109.6,143748.22,399835.35,47.44744548093039,9.932646274299717
62,200584,Kälberweide,Leckenbach,974.44,14.1,150606.85,402267.46,47.4719744733952,10.022159415468549
63,200451,Hittisau (VKW),Bolgenach,747.1,80.4,146170.81,401431.43,47.46274258323736,9.96383019112282
64,200303,Krumbach-Zwing,Weißach,540.32,200.2,142908.4,405960.19,47.502168706573045,9.917945322230217
65,200311,Thal (Martinsbrücke),Rotach,539.16,85.8,139763.69,409003.8,47.528274207969154,9.874432952598676
66,200329,Kennelbach,Bregenzerach,423.02,823.9,132029.52,403560.34,47.47620366638351,9.775111825196522
67,200337,Bregenz (Seepegel),Bodensee,392.14,10907.0,130105.25,407172.02,47.50786880997359,9.747389158314927
68,200345,Lochau,Ruggbach,409.45,6.8,130103.69,410317.27,47.53613694138661,9.745439141019991
69,200352,Unterhochsteg,Leiblach,396.35,102.4,129410.82,410457.07,47.53710507934245,9.736157443453537
70,200394,Unterhochsteg (Summenpegel),Leiblach mit Werkskanal,396.35,102.4,128410.82,410457.07,47.536687615298106,9.72288544211599
71,200360,Lech,Zürsbach,1453.94,25.6,158303.3,372240.08,47.204936504553125,10.140586673016118
72,200378,Lech (Tannbergbrücke),Lech,1437.49,84.4,158330.98,372542.14,47.207662304352915,10.140787869054371
73,201012,Steeg,Lech,1109.3,247.9,170036.64,375877.47,47.2418751078286,10.293503524296751
74,201038,Grießau,Lech,1013.48,459.8,183099.41,381611.48,47.297903531149565,10.463173663087511
75,201053,Vorderhornbach (Brücke),Hornbach,957.31,64.0,189033.11,389260.51,47.36862868580806,10.537960952488525
76,202226,Stanzach,Namlosbach,937.39,66.4,190987.21,390848.71,47.38353963115024,10.563073993586807
77,201087,Lechaschau,Lech,836.09,1012.2,202472.5,403069.35,47.49701815583573,10.709669628418437
78,202184,Seespitze (Seepegel),Plansee,969.95,115.5,208209.37,400104.48,47.47207543951962,10.787083833513977
79,202713,Tannheim (Seepegel),Vilsalpsee,1163.35,14.9,187004.63,400550.78,47.46948559163219,10.505668058265995
80,202192,Grän (Seepegel),Haldensee,1122.75,12.0,191660.93,402978.97,47.49282830949006,10.56626639642996
81,201111,Vils (Lände),Vils,806.98,198.1,198244.6,409275.83,47.55152752860677,10.6507253555868
82,201129,Scharnitz (Karwendelbrücke),Karwendelbach,976.02,48.1,245440.24,388809.82,47.38041033180191,11.284923518604312
83,201095,Scharnitz (Weidach),Isar,956.95,203.6,243888.42,389868.42,47.389561377708155,11.26400007828604
84,202176,Seefeld (Seepegel),Wildsee,1176.61,6.9,237973.48,382896.85,47.325412091295505,11.188214675966453
85,202143,Scharnitz (Gießenbach),Gießenbach,965.66,65.1,243394.83,389756.53,47.3884363952345,11.257502390978043
86,202127,Klamm,Leutascher Ache,1184.07,45.0,232395.95,387261.71,47.36325847175944,11.112784200607178
87,201145,Pertisau (Seepegel),Achensee,918.78,105.5,277191.23,395062.7,47.44342623049384,11.703695397075673
88,202507,Biberwier (Seepegel),Blindsee,1092.81,6.0,212594.38,388162.87,47.36596497004374,10.850311632692453
89,201152,Ehrwald (Viadukt),Loisach,958.0,88.4,217385.41,392709.29,47.40821302638401,10.911851573437502
90,201160,Schalklhof,Schalklbach,982.18,107.8,183644.34,341499.35,46.93740798759161,10.489805721544432
91,201178,Kajetansbrücke,Inn,967.18,2162.0,185380.01,343020.19,46.951652899083584,10.5118655515429
92,201194,Prutz,Inn,861.36,2461.5,197190.21,356521.76,47.076821617460546,10.66085467573617
93,230300,Gepatschalm,Fagge,1895.01,55.0,202216.12,336476.57,46.89809694872787,10.735848237303376
94,202119,Platz-Loch,Fagge,1220.96,191.5,203842.08,354094.59,47.05702105522371,10.749482971963348
95,201251,St. Anton am Arlberg-Moos,Rosanna,1312.79,130.6,166667.49,362651.02,47.12176498548531,10.25594987651765
96,201210,Galtür-Au,Trisanna,1543.7,97.6,161644.95,346251.85,46.97251852053811,10.198521960105262
97,201236,See,Trisanna,1017.0,385.4,182944.51,358420.55,47.089328105388375,10.47242808601401
98,202036,Landeck-Bruggen,Sanna,775.3,727.0,190009.17,364182.24,47.143441812759946,10.56273180074418
99,201293,Landeck-Perjen,Inn,768.73,3503.1,190692.25,364531.34,47.14679992176256,10.571570594800948
100,202101,Nassereith (Wiesenmühle),Gurglbach,813.39,78.3,211698.04,381019.38,47.301465113042866,10.841483973276203
101,201319,Imst (Bahnhof),Inn,706.89,3842.0,205017.22,372081.8,47.21912812119746,10.757087624961247
102,201335,St. Leonhard im Pitztal,Pitze,1338.77,165.4,211015.53,355273.41,47.06973148272232,10.843383965976365
103,202689,Vernagt,Vernagtbach,2634.79,11.4,208721.35,331628.92,46.85642764680603,10.823255052107868
104,201350,Vent (oberh. Niedertalbach),Rofenache,1891.01,98.1,215404.33,331484.1,46.85703564598271,10.910930275288598
105,201376,Obergurgl,Gurgler Ache,1878.64,72.5,223812.3,332416.44,46.86772819265777,11.020803055637339
106,201392,Huben,Ötztaler Ache,1186.35,517.2,220673.57,352085.71,47.0437787041138,10.971792874267429
107,230383,Fundusalm,Fundusbach,1593.85,13.1,215247.4,362252.03,47.13370054101099,10.896202279460201
108,201434,Tumpen,Ötztaler Ache,931.1,785.5,216437.49,365483.11,47.16309405061415,10.910556636571766
109,202358,Oetz-Badeanstalt (Seepegel),Piburger See,912.23,1.3,215229.07,368958.41,47.194008060040304,10.893181102414848
110,202093,Kühtai,Längentalbach,1902.36,9.2,223668.9,370087.29,47.20649359423735,11.004092062728006
111,230342,Brunau,Ötztaler Ache,701.46,890.0,212720.41,372617.84,47.226203582693735,10.858542895631732
112,201459,Magerbach,Inn,652.98,5118.8,214146.84,376250.21,47.25927785095742,10.87585536251849
113,230078,Telfs (Fußgängersteg),Inn,616.12,5289.7,229187.25,380505.47,47.30166029957277,11.072916243608915
114,201475,Zirl,Inn,590.6,5420.2,241438.34,376462.28,47.26838963789354,11.236349611462526
115,202069,Kniepiß,Melach,1552.72,52.0,233698.23,364318.34,47.157237858811015,11.138614398021774
116,202077,Koflerkreuz,Zirmbach,1383.55,64.4,233246.13,369239.4,47.20138338736101,11.130810965088637
117,230706,In der Au,Melach,813.58,204.7,241030.37,371682.72,47.225300998146196,11.232668813736367
118,201525,Innsbruck (oberh. Sill),Inn,568.46,5771.6,252355.17,375478.92,47.2621073932904,11.38093911420154
119,202200,Gries am Brenner (Seepegel),Brennersee,1310.31,18.3,260919.61,348322.93,47.0197148307041,11.502575238684098
120,202275,Lueg,Sill,1216.24,22.2,260052.08,349379.6,47.02903514194613,11.490834232845135
121,201533,Gries am Brenner,Obernberger Seebach,1174.62,58.3,259151.84,350212.54,47.03633469277268,11.478729095970806
122,201640,Gries am Brenner (mit UW-Kanal),Obernberger Seebach,1174.66,58.3,259151.84,350212.54,47.03633469277268,11.478729095970806
123,201558,St. Jodok am Brenner,Valser Bach,1120.02,108.8,260803.73,353087.05,47.06254500555383,11.499569640981038
124,201566,Steinach am Brenner,Gschnitzbach,1039.69,111.4,258267.89,356516.65,47.09285083565746,11.46510104567194
125,201574,Puig,Sill,1004.97,341.8,257361.99,358784.61,47.113054628904216,11.452444894341003
126,202283,Krössbach,Ruetz,1086.16,127.5,243156.29,355485.52,47.08012833308663,11.2664359178375
127,230714,Fulpmes,Ruetz,896.07,280.9,250246.24,363588.28,47.15467244224262,11.357076238043229
128,201624,Innsbruck-Reichenau,Sill,567.39,854.4,254690.05,376621.28,47.272907246894064,11.411416468961896
129,202572,Hall-West,Inn,557.15,6685.0,259472.65,376338.74,47.27141408749745,11.474713727218264
130,201657,Wattens,Wattenbach,550.86,73.9,268300.07,378872.02,47.29604489468888,11.590627201507383
131,201665,Weer,Weerbach,547.46,72.8,271834.81,379928.12,47.30624988159167,11.637060307699356
132,201673,Schwaz (Steinbrücke),Inn,531.69,7129.8,277210.62,384133.6,47.34511640048819,11.706991366349893
133,201681,Jenbach-Rotholz,Inn,521.48,7230.7,283516.63,388890.22,47.38906508574184,11.78920068595796
134,201699,Klaushof (Brücke),Ziller,1011.48,135.3,294599.96,362869.9,47.156871408864895,11.942205378265822
135,201996,Neukaser,Zamserbach,1785.91,24.2,275472.25,348927.01,47.028077357914846,11.69383379596234
136,201715,Sausteinaste,Zemmbach,909.54,225.0,284464.79,359254.95,47.12263683583638,11.809474435519313
137,201723,Persal,Tuxbach,881.69,129.2,284804.32,362203.42,47.149221389724,11.813187681748133
138,201749,Mayrhofen,Ziller,622.01,610.9,288372.02,364303.85,47.16873660126733,11.859707748443022
139,230755,Schwendberg-Aue,Sidanbach,1383.05,16.0,284877.94,368761.3,47.20822928876307,11.812462544815805
140,201756,Zell am Ziller-Zellbergeben,Ziller,569.82,696.3,290051.51,371609.39,47.234743439452885,11.880056901673923
141,201970,EW-Gmünd,Gerlosbach,1192.91,141.0,299263.87,368805.79,47.211009434090116,12.002374216195824
142,201772,Rohr,Gerlosbach,570.69,196.8,291370.26,371833.0,47.23697608635976,11.897420513558423
143,201780,Hart im Zillertal,Ziller,530.99,1094.7,288982.08,384061.69,47.346583834367586,11.862812857330272
144,201806,Brixlegg,Inn,512.5,8503.6,289910.04,393600.5,47.43255228301765,11.872717263539153
145,201814,Rattenberg,Inn,508.2,8508.7,291542.37,394576.4,47.44160597454573,11.894118123135664
146,230896,Steinberg am Rofan-Außersteinberg,Grundache,984.29,15.0,285020.51,400300.7,47.49197854089967,11.806145294564852
147,230904,Steinberg am Rofan-Untersteinberg,Mühlbach,955.0,13.0,284763.36,403011.88,47.516321747647105,11.802021760880432
148,201822,Mariathal,Brandenberger Ache,528.9,272.6,289354.06,396069.85,47.45467180122593,11.86472626852371
149,202697,Niederau,Wörglerbach,790.63,9.7,306226.42,395497.37,47.45217757013237,12.088641344097043
150,202218,Unterwindau,Windauer Ache,633.87,82.1,312779.31,393392.04,47.43415057605914,12.175972428975511
151,201848,Hörbrunn,Kelchsauer Ache,658.11,134.5,310022.91,391927.62,47.42059988853727,12.139724727156901
152,201863,Bruckhäusl,Brixentaler Ache,524.34,322.3,307446.3,399746.99,47.49058356299406,12.103927062148315
153,201889,Kirchbichl-Bichlwang,Inn,484.0,9310.0,306704.42,403337.13,47.52277506490875,12.09331790319062
154,202788,Scheffau am Wilden Kaiser (Seepegel),Hintersteiner See,879.31,2.3,315111.87,405070.55,47.539525122336826,12.204644863414108
155,202135,Söll,Stampfangerbach,628.26,20.9,315311.2,402237.79,47.514066529776656,12.20783960489792
156,201897,Kaiserwerk,Weißache,554.97,94.0,313097.4,405415.98,47.54236568239386,12.177813205494099
157,201905,Kufstein (Bahnhofsbrücke),Inn,475.29,9502.7,312433.55,409929.95,47.58288526986781,12.168091555660588
158,230938,Kufstein (ÖBK),Sparchenbach,477.41,34.0,313588.13,411374.59,47.59603675731732,12.18315834671783
159,202242,Thiersee (Seepegel),Thiersee,615.79,6.0,308764.6,411015.31,47.592142767163274,12.119082025298862
160,201830,Rettenschöß,Walchentaler Bach,690.12,3.9,319220.87,419719.93,47.67184150715416,12.256531415673306
161,230912,Niederndorf (ÖBK),Jennbach,478.88,37.6,315670.06,416289.35,47.64052579863426,12.209900236271626
162,201913,Kitzbühel (Bahnhofsbrücke),Kitzbüheler Ache,735.44,153.0,328905.77,395465.13,47.45476853424921,12.38946554423125
163,202622,Kirchberg,Aschauer Ache,811.6,79.2,323228.08,394623.54,47.44654987456442,12.314300850890048
164,202556,Kitzbühel (Seepegel),Schwarzsee,778.1,1.8,327217.45,395532.12,47.45518397018155,12.367059612161652
165,201921,Sperten,Aschauer Ache,669.24,147.4,329970.37,402626.25,47.51931134698059,12.402445603374233
166,201939,St. Johann in Tirol,Kitzbüheler Ache,659.7,332.4,331062.1,402565.65,47.5188832583482,12.416954329781984
167,201947,Almdorf,Fieberbrunner Ache,663.59,165.9,332885.35,402627.92,47.51963498645966,12.441159176670542
168,201954,Wohlmuting,Großache,625.02,527.6,335448.75,409633.86,47.58292639323547,12.474171806777228
169,202382,Kössen-Hütte,Großache,588.75,701.4,331147.84,418536.64,47.66257730193096,12.415579992122842
170,202549,Schwendt-Unterbichl,Kohlenbach,642.3,47.9,328963.63,413931.69,47.62091244757676,12.38724152299405
171,202234,Walchsee (Seepegel),Walchsee,653.38,28.5,324195.68,417281.27,47.6505052495156,12.323216066844234
172,202630,Kössen-Waidach,Kohlenbach,593.26,100.0,329267.4,417818.14,47.65591018717986,12.390654350945816
173,204107,Krimml,Krimmler Ache,1055.7,110.7,311936.79,368684.88,47.21175607974874,12.16971947911964
174,203026,Wald,Salzach,858.66,206.8,316744.99,372128.13,47.24336612161724,12.232558291260856
175,203893,Kees,Obersulzbach,2040.0,19.2,320327.63,359328.09,47.128653086246764,12.28218387118393
176,203034,Sulzau,Obersulzbach,882.2,80.7,317779.48,370773.63,47.23131128606366,12.246476224603413
177,203042,Neukirchen,Untersulzbach,848.2,40.5,318999.01,371353.31,47.23667932606995,12.26247838798753
178,203596,Habach,Habach,873.78,45.3,323557.21,372302.67,47.2457714721474,12.322527776227242
179,203067,Bramberg-Mühlbach,Mühlbach,813.97,32.3,327695.72,375611.14,47.27601045739515,12.37666682553576
180,203075,Mittersill,Salzach,782.9,582.6,335532.68,376320.53,47.28321662784013,12.480167869430673
181,203083,Haidbach,Felber Bach,864.42,79.8,335773.2,373664.69,47.259345439120914,12.483733204224968
182,203984,Stuhlfelden,Stuhlfeldnerbach,785.42,11.4,339441.19,376630.27,47.28637912673155,12.531803248326817
183,203554,Uttendorf (ÖBB),Stubache,788.82,127.9,342173.66,374409.19,47.266644309629854,12.568224173319772
184,203109,Kaprun,Kapruner Ache,763.83,88.6,356594.84,374940.34,47.27254650628308,12.758792221958647
185,204388,Bruck-Neuwiesen,Salzach,763.83,1101.4,360548.37,376205.99,47.284186516301524,12.81094321172612
186,203117,Zell am See (Seepegel),Zeller See,747.72,53.3,359763.84,380498.28,47.32275797077165,12.800178278681138
187,203133,Ferleiten,Fuscher Ache,1141.77,60.7,360552.09,363429.17,47.16922702576055,12.812131748236009
188,203141,Bruck (Fuscher Ache),Fuscher Ache,758.61,161.0,361708.33,374862.84,47.272171053912665,12.826397325729111
189,203158,Bucheben,Hüttwinklache,1050.54,96.1,372419.04,362624.15,47.16259623067954,12.968754341064027
190,203166,Rauris (Unterland),Rauriser Ache,917.19,242.2,374108.67,371311.19,47.24082895190292,12.990534766098616
191,203190,Böckstein,Nassfelder Ache,1115.01,57.4,383405.27,354236.63,47.0875025494944,13.114005737697829
192,203851,Böckstein (Summenpegel),Nassfelder Ache m.Werksk.,1115.02,57.4,383405.27,354236.63,47.0875025494944,13.114005737697829
193,203208,Bad Hofgastein,Gasteiner Ache,836.77,220.7,383020.54,362633.93,47.16304941249919,13.108613450248379
194,203901,Wallnerau (Pegel),Salzach,597.9,2143.0,384298.51,379013.32,47.31045842386901,13.124885583100614
195,203968,Wallnerau (Summenpegel),Salzach m. KW-Schwarzach,598.03,2143.0,384298.51,379013.32,47.31045842386901,13.124885583100614
196,203224,Großarl,Großarlbach,879.57,144.6,389693.44,370871.13,47.23730736023798,13.196450752530303
197,204032,Werfen,Salzach,512.13,2953.2,389338.67,397831.99,47.47988389636779,13.191098912595358
198,204099,Tenneck,Blühnbach,513.24,71.7,388233.25,399267.0,47.492775758217725,13.176388722261862
199,203265,Schwaighofbrücke,Lammer,628.36,171.7,403918.69,408268.42,47.57386576818368,13.384690629154772
200,203927,Abtenau Au,Schwarzbach,649.71,26.9,400080.0,406279.1,47.55597748983166,13.333653585319762
201,203307,Obergäu,Lammer,470.77,394.5,388673.89,409383.03,47.58380096594615,13.181971804045729
202,203315,Torren,Torrener Bach,466.84,65.5,386844.52,410177.75,47.59091601054549,13.157620317610197
203,203323,Golling,Salzach,463.19,3555.7,387284.36,410717.57,47.595781836733295,13.163454202599684
204,203943,St. Nikolaus,Schwarzbach,470.86,3.1,385934.82,411657.24,47.60420785306949,13.145473085231826
205,203380,Salzburg (Staatsbrücke),Salzach,412.63,4402.2,378437.15,433509.75,47.80060530622607,13.044639101914294
206,204297,Salzburg (Summenpegel),Salzach mit Almkanal,408.06,4425.7,377857.31,435259.16,47.81632443975031,13.036806422573957
207,203430,Itzling,Alterbach,413.46,29.7,378187.18,436428.78,47.82685850678853,13.041153231087197
208,203422,Moos,Glanbach,427.21,26.5,375288.26,430490.71,47.77332976795063,13.002764592127456
209,203588,Wallersee (Seepegel),Wallersee,504.25,109.8,386934.17,446295.72,47.915867148524086,13.157709434775633
210,204057,Seekirchen (Kläranlage),Fischach,501.96,119.4,384238.09,442781.8,47.884192728924674,13.121758501627145
211,203455,Lengfelden,Fischach,422.99,159.4,378327.1,438408.12,47.84467072735319,13.042922744537416
212,203463,Viehhofen,Saalach,845.81,150.8,354925.67,385306.64,47.365702242088595,12.735667574574045
213,203471,Saalfelden,Urslau,729.3,119.5,362712.95,392114.09,47.42744633559139,12.83821649044292
214,203489,Uttenhofen,Leoganger Ache,719.2,112.3,361283.47,393613.56,47.44085353062844,12.819131528853033
215,203497,Weißbach,Saalach,658.77,543.2,356078.38,402646.1,47.521788466767134,12.749198156814101
216,204362,Weißbach (Summenpegel),Saalach und Weißbach,658.77,567.4,356078.38,402646.1,47.521788466767134,12.749198156814101
217,202267,St. Ulrich am Pillersee (Seepegel),Pillersee,835.19,49.2,342534.44,404345.62,47.53601735487257,12.569086554478606
218,203505,Lofer (Loferbach),Loferbach,616.82,107.4,352256.74,409687.69,47.58487078406775,12.69767040989799
219,203570,Siezenheim,Saalach,415.77,1139.1,373496.93,435440.23,47.81778763278135,12.978553236848633
220,203521,Siezenheim (Summenpegel),Saalach mit Werkskanälen,415.77,1139.1,373168.89,434749.23,47.8115572598562,12.974214445676894
221,203844,Nußdorf,Oichten,414.11,40.5,375537.61,453303.24,47.978573179030334,13.004794062259675
222,203539,Oberndorf,Salzach,387.25,6120.0,369689.63,449004.41,47.93964882901992,12.926742810503198
223,204537,Holzöster,Holzöstersee,461.43,1.3,368069.48,462217.91,48.05844057874492,12.904067507162482
224,204545,Steinwag,Moosache,419.35,69.9,370061.26,459254.94,48.03188218100377,12.931002812278393
225,203547,Au St. Georgen,Moosache,382.5,88.1,365990.56,455372.21,47.996748999527874,12.876713471878016
226,203836,Untereching,Pladenbach,388.17,23.4,366250.57,453442.84,47.9794058492639,12.88035014117933
227,204560,Ettenau,Salzach,365.86,6627.6,358153.56,463208.52,48.06677953589773,12.770909296487796
228,206847,Ach,Salzach,351.82,6690.5,363039.58,473369.0,48.158481867811744,12.835607067152484
229,206623,Österlehen,Enknach,397.74,113.5,378504.99,476950.07,48.19140604861546,13.04335912965232
230,203604,Mattsee (Seepegel),Mattsee,501.4,10.4,383190.24,452483.7,47.97144851106924,13.107361913591195
231,203612,Obertrum (Seepegel),Obertrumer See,501.4,58.4,380616.12,449269.65,47.942460444291235,13.07302256082854
232,203620,Zellhof (Seepegel),Grabensee,501.4,64.8,381415.76,453753.26,47.9828204085205,13.08353411419911
233,204131,Perwang Strandbad (Seepegel),Grabensee,501.4,64.5,382374.71,455282.66,47.99660664102671,13.0963206048004
234,204586,Laimhausmühle,Mattig,498.11,66.6,383955.8,455755.65,48.000903743548555,13.11749468771436
235,206698,Elexlochen,Berndorfer Bach,506.13,10.9,382790.67,456562.27,48.00812973147581,13.101844143568842
236,204602,Lochen,Mühlberger Bach,506.07,13.0,388400.05,458049.94,48.02164089857796,13.177004616197173
237,204610,Pfaffstätt,Mattig,455.0,126.6,386063.91,464016.33,48.07526792547329,13.145481072394972
238,206052,Hocheck (Forsthaus),Schwemmbach,590.13,13.1,401510.9,461565.48,48.053375463139176,13.352829446362643
239,204636,Friedburg,Schwemmbach,507.72,79.2,393597.21,457488.59,48.01666567170383,13.246706399209295
240,203638,Straßwalchen,Hainbach,523.77,40.6,393851.92,453633.5,47.981986787848676,13.250178897804814
241,206730,Lengau,Hainbach,503.97,48.1,391837.51,456084.71,48.00401539444899,13.223138738602785
242,206250,Lengau (Basisableitung),Hainbach,496.65,58.9,391041.35,457518.15,48.01690005727444,13.212435373494401
243,206839,Kolming,Schwemmbach,484.5,151.7,391117.16,459731.93,48.036816731951355,13.213404983775803
244,206078,Furth (Bundesstraße),Schwemmbach,428.73,185.1,386100.53,470190.42,48.130810480582625,13.145769565626628
245,206086,Furth (Ort),Schalchener Brunnbach,426.4,35.0,386122.22,470351.85,48.13226315815146,13.146055727398487
246,204677,Jahrsdorf,Mattig,349.82,446.9,380625.32,483761.25,48.25274448533473,13.071573145189605
247,204685,Waldzell,Waldzeller Ache,508.95,24.0,406929.36,470472.71,48.13347158005684,13.425672090574565
248,204693,Mettmach,Mettmach,454.0,30.4,400781.25,475207.87,48.17610242467511,13.343055208650787
249,206748,Altheim,Mühlheimer Ache,348.0,193.0,391638.25,483826.51,48.253574308305716,13.219911190542954
250,206722,Lindlau,Moosbach,406.0,39.1,387610.8,476938.84,48.19154912772517,13.165865764156644
251,204701,Bauerding,Lochbach,357.34,74.6,388941.24,482972.32,48.24584851482701,13.183605702502366
252,204719,Mamling,Ach,328.45,314.9,390284.41,486827.45,48.28054928617318,13.201605281041601
253,206805,Danner,Antiesen,409.35,55.6,410520.39,481365.77,48.23141492419427,13.474190755253517
254,204727,Pramet,Oberach,505.98,13.2,411510.78,471478.46,48.14245534404824,13.487266517327123
255,204735,Ried im Innkreis (Ort),Rieder Bach,421.92,69.3,411608.12,479812.96,48.21742825627222,13.48879489850981
256,204750,Haging,Antiesen,377.67,164.9,408734.05,485985.49,48.27299743410443,13.450230735710042
257,204768,Osternach,Osternach,357.0,68.6,408945.27,490416.13,48.31284953959154,13.453166777200355
258,206201,Schärding (Schreibpegel),Inn,299.8,25520.0,407079.14,506350.69,48.45620260765958,13.42825632459033
259,206102,Pram,Pram,427.11,14.2,420315.98,481941.15,48.236359442090304,13.606105119645198
260,204784,Riedau,Pram,365.0,60.2,422207.3,489530.12,48.30456281592054,13.631961154782928
261,206326,Winertsham (Steg),Pram,335.94,128.1,418149.94,497636.2,48.377603750372614,13.577595463633578
262,206268,Lohstampf,Messenbach,338.68,39.3,417392.53,497381.96,48.375337594044304,13.567358701328317
263,204826,Angsüß,Pfudabach,345.34,64.1,421400.61,501361.82,48.41101605905237,13.621670731298941
264,204834,Alfersham,Pfudabach,329.78,81.3,417853.68,500357.66,48.40209119962793,13.573707690218273
265,204842,Diersbach,Diersbach,333.99,10.6,417688.63,501685.95,48.41404344506596,13.571532479527608
266,204867,Pramerdorf,Pram,308.48,340.9,409608.02,503587.46,48.43131621605302,13.462392594240091
267,207019,Achleiten,Donau,288.04,76653.3,412594.92,520342.92,48.581971307703455,13.503250638446652
268,207027,Engelhartszell,Donau,276.99,77089.7,429712.82,511809.78,48.50466188531107,13.734697703896769
269,204875,Oberkappel,Ranna,491.76,132.5,432285.15,517010.66,48.55131587036843,13.769907311008739
270,206771,Koblmühle,Kleine Mühl,482.0,43.7,444351.84,519534.61,48.57329615945346,13.933639266314009
271,204883,Obermühl,Kleine Mühl,283.5,200.2,443622.35,506627.81,48.457260469999994,13.92243275794274
272,204891,Vorderanger,Große Mühl,589.41,125.3,437500.18,533562.92,48.69989913914796,13.842016336197384
273,204909,Pfaffetschlag,Klafferbach,693.66,17.1,441569.4,535323.73,48.7154833526904,13.897474804195097
274,204917,Furtmühle,Große Mühl,503.98,256.4,450701.07,522985.67,48.603863382020016,14.020100633580043
275,204925,Hartmannsdorf,Steinerne Mühl,499.59,137.9,452901.6,519535.3,48.57265376983878,14.049511954517719
276,204933,Teufelmühle,Große Mühl,479.99,453.2,451462.43,516649.35,48.54681515652573,14.029658401402978
277,207043,Aschach an der Donau (Agentie),Donau,260.0,78194.9,451165.54,495980.82,48.360939641236584,14.023161457372412
278,206565,HWR-Becken Leithen (Ausfluß),Trattnach,467.44,19.8,425084.64,474124.6,48.16587847997065,13.669864067279065
279,204974,Strötting,Trattnach,378.04,54.0,429865.69,480574.82,48.223699227009185,13.734599047866558
280,204990,Still,Stillbach,382.43,19.8,426328.01,482043.02,48.23705976249719,13.687064407807902
281,205013,Grieskirchen,Trattnach,329.93,135.9,436657.87,481823.82,48.23458520057845,13.826139848029715
282,205021,Bad Schallerbach,Trattnach,300.62,184.0,443649.49,480971.97,48.22648789410986,13.920192185315042
283,205039,Fraham,Innbach,266.17,375.2,451661.64,487933.04,48.28851157796337,14.028889031027058
284,205047,Neumarkt im Hausruckkreis,Dürre Aschach,376.56,25.8,430196.66,486058.62,48.27301258449041,13.739437643097252
285,206151,Edtmühle,Faule Aschach,362.05,56.4,434647.37,491903.35,48.325363439719986,13.79987914881466
286,206169,Niederspaching,Aschach,358.71,101.9,435394.8,491373.64,48.32055812524613,13.809917070261733
287,206177,Knotzberg,Leitenbach,417.98,48.4,431932.63,497075.53,48.37202696426652,13.763645870993917
288,205054,Kropfmühle,Aschach,347.95,312.2,441665.26,497063.67,48.37136465927639,13.895037773161425
289,205070,Pfaffing,Aschach,264.76,351.7,448988.24,495656.25,48.35818966823831,13.99373686264178
290,205062,Bad Mühllacken,Pesenbach,271.39,60.0,454226.38,496368.88,48.36417937129198,14.06452308467197
291,206656,Zwettl an der Rodl,Große Rodl,613.5,59.6,469723.26,508103.41,48.468227573572875,14.275608597584514
292,206664,Zwettl an der Rodl (Gemeindeamt),Diestlbach,611.01,27.9,469311.89,507865.6,48.46613331890915,14.270006260990323
293,205088,Rottenegg,Große Rodl,271.83,227.4,459599.17,496857.73,48.36810081007483,14.137112180886485
294,207340,Wilhering,Donau,249.12,79446.1,462711.83,492529.14,48.32887084685256,14.178495896286648
295,207068,Linz,Donau,247.74,79490.1,470611.79,490189.48,48.30700763991403,14.284668164627423
296,205096,Asberg,Großer Haselbach,354.63,27.9,471012.03,496594.5,48.36457331725331,14.291125809382223
297,210526,Archkogl,Grundlseer-Traun,704.45,114.4,436930.07,413506.69,47.619968994654656,13.824032317729749
298,210534,Altaussee (Seeklause),Altausseer See,710.36,48.2,432725.79,415197.51,47.63540522204786,13.768210867753465
299,210542,Altaussee (Traun),Altausseer-Traun,709.44,48.2,432719.21,415181.46,47.63526114960269,13.768122093741171
300,210559,Altaussee (Augstbach),Augstbach,714.41,10.5,432668.03,415312.67,47.636444202425444,13.767450536322487
301,210583,Kainisch,Kainischtraun,764.26,62.5,438121.25,408007.92,47.57042810172772,13.839409345304706
302,210591,Bad Aussee (Hadeksteg),Koppentraun,632.64,305.8,433447.33,411291.12,47.60022287325233,13.777519849446401
303,205104,Obertraun,Traun,526.2,317.4,429252.94,407294.69,47.56446738010612,13.721462013117023
304,205112,Lahn,Hallstätter See,507.48,614.4,423986.78,405971.17,47.55277306503292,13.651386994779697
305,205120,Waldbachstrub,Waldbach,533.22,31.3,422523.29,405707.27,47.55045048321609,13.631923621037215
306,205575,Hinterer Gosausee,Hinterer Gosausee,1110.76,16.1,415964.55,400509.08,47.50387320665148,13.544571058223456
307,205138,Steeg (Bootshütte),Hallstätter See,507.35,614.4,422661.27,412200.01,47.608861978563866,13.634088237834327
308,205146,Steeg (Seeausfluss),Traun,505.66,615.2,422351.38,412650.86,47.612928943552625,13.629988040772776
309,206631,Bad Goisern,Stambach,501.55,5.5,421982.62,415190.1,47.635787144938334,13.625207259811964
310,205153,Bad Ischl (Maxquelle),Traun,458.6,720.2,422141.06,423461.6,47.710200403594676,13.627729536106774
311,205161,Strobl,Wolfgangsee (Abersee),536.89,125.2,411365.42,424861.35,47.72306990627075,13.48411969285388
312,203646,St. Gilgen (Seepegel),Wolfgangsee (Abersee),537.3,124.8,402714.13,429611.22,47.765894640465795,13.368794377331243
313,205179,Strobl (Bürglstein),Ischl,536.97,125.4,411706.63,424795.71,47.72247340982151,13.488667486102727
314,205187,Bad Ischl (Giselabrücke),Ischl,469.64,251.8,421077.93,424362.85,47.71834389470549,13.613600848265646
315,205955,Grabenbachbrücke,Rettenbach,561.78,49.9,426679.58,421644.16,47.69367992488435,13.68811832718466
316,206615,Mitterweißenbach,Mitterweißenbach,465.34,35.1,424542.8,428048.54,47.75138286674303,13.659999706223783
317,205203,Ebensee,Traun,422.17,1223.4,432282.29,433984.36,47.804449059890096,13.763683596746773
318,205211,Jagdschloß Langbathsee,Vorderer Langbathsee,663.01,13.8,425606.63,437347.39,47.83500107388917,13.67473237496963
319,205229,Ebensee (Unterlangbath),Langbathbach,431.17,40.0,432790.15,435005.0,47.813606016761256,13.770541736639224
320,205237,Ebensee (Landungssteg),Traunsee,420.62,1395.3,433162.02,434955.0,47.81313737414421,13.775504757878792
321,205245,Gmunden (Esplanade),Traunsee,421.31,1395.3,434255.02,446218.18,47.91441250074947,13.790980238212137
322,206128,Theresienthal,Traun,410.0,1397.7,434898.91,448704.34,47.93674460176961,13.799795342946855
323,205260,Zell am Moos,Zeller See (Irrsee),551.42,27.5,398460.01,444731.13,47.90192647988597,13.311962900592302
324,205278,Mondsee (Armaturenwerk),Zeller Ache,495.54,37.0,400216.95,439500.99,47.85487543184995,13.335469855025845
325,205286,Mondsee (Limnolog.Institut),Mondsee,479.28,246.8,400737.79,438890.18,47.849379997468766,13.342431312895554
326,203653,Fuschl (Seepegel),Fuschlsee,662.4,29.5,397491.54,433194.04,47.7981274151503,13.299079289876701
327,203661,Hof bei Salzburg,Fuschler Ache,660.24,34.9,393392.19,435629.23,47.82000570754456,13.24430388848413
328,205294,St. Lorenz,Griesler Ache,492.41,109.0,400303.93,436946.82,47.831896308678985,13.336632319992109
329,205302,See am Mondsee,Mondsee,480.24,246.8,408773.57,433913.45,47.80454985861276,13.449737735439117
330,206185,See am Mondsee (Au),Seeache,477.35,247.4,409048.05,433827.8,47.803775615567034,13.453401477820112
331,205328,Unterach am Attersee,Attersee,467.51,459.7,411766.14,433862.17,47.804042228519975,13.489699809026483
332,205336,Weißenbach am Attersee,Äusserer Weißenbach,473.22,31.2,415420.93,432765.09,47.79409673728832,13.538467979939222
333,216002,Weißenbach am Attersee (Seepegel),Attersee,468.0,0.0,416002.5,434975.32,47.813967790026425,13.546312635995102
334,205351,Kammer,Attersee,467.75,459.7,419494.9,449326.63,47.9429859344907,13.593594168038178
335,205369,Raudaschlsäge,Ager,466.31,462.9,420538.59,450494.24,47.95345824404521,13.607623344042494
336,206276,Dürnau,Ager,434.32,497.2,422751.57,455049.58,47.994366067093516,13.637496674596758
337,205377,Stauf,Vöckla,502.5,99.7,407637.68,453964.38,47.98495331962249,13.43490906018528
338,205385,Redl,Frankenburger Redl,470.44,58.1,412658.21,458539.92,48.026039063889755,13.502317242735389
339,205393,Timelkam,Vöckla,442.0,331.5,420292.45,456294.95,48.005650802030026,13.604595335981116
340,205401,St. Georgen im Attergau,Dürre Ager,531.36,51.4,411282.48,448572.02,47.936389621473126,13.483613719840518
341,206383,Timelkam (Fußgängersteg),Dürre Ager,443.86,103.5,420621.71,455767.58,48.000896148997775,13.608984461473984
342,205419,Vöcklabruck,Vöckla,418.61,447.1,424286.6,456775.16,48.0098343518104,13.658166100397828
343,205427,Schalchham,Ager,411.17,949.9,426209.44,455566.82,47.99888935322311,13.683872516970032
344,205435,Aurachkirchen,Aurach,419.88,81.0,430423.8,452887.45,47.97460176598217,13.74017432694694
345,205443,Pitzenberg,Staiger Bach,404.29,22.3,429667.99,462980.36,48.06543359241901,13.730734926476257
346,205450,Fischerau,Ager,348.0,1256.1,437652.98,465327.38,48.08613278361734,13.838103778790645
347,205468,Lambach (Traunbrücke),Traun,341.45,2740.9,440473.03,465783.58,48.09006661301417,13.876008722644716
348,205476,Oberschwaig,Schwaiger Bach,367.14,45.8,437858.85,466184.2,48.093828586493494,13.840942558082862
349,205484,Almsee,Almsee,586.39,41.4,446775.76,429833.87,47.76622915670237,13.956782879707129
350,206508,Grünau,Alm,518.87,181.9,446139.65,438917.53,47.847995473814805,13.949251147136529
351,205500,Friedlmühle,Alm,442.11,326.1,448793.63,449955.3,47.94710294648225,13.985952284753115
352,206292,Au (Mittlere Au),Laudach,367.71,72.2,443433.42,460073.64,48.038509069255234,13.91518688704976
353,205518,Penningersteg,Alm,357.71,445.0,443976.24,461681.86,48.052939825913995,13.922630991404228
354,205526,Hafeld,Traun,330.55,3300.0,443810.81,466062.5,48.092358443376625,13.920853609744292
355,206391,Wels-Lichtenegg,Traun,309.0,3387.1,449361.07,471534.39,48.141181740308724,13.99600415262406
356,206409,Wels-Lichtenegg (Summenpegel),Traun mit Welser Mühlbach,309.0,3387.1,449345.71,471516.13,48.141018655253156,13.99579562787048
357,205534,Oberschauersberg,Aiterbach,322.42,68.3,450194.82,470700.06,48.13361227692246,14.007113072029943
358,205609,Holzermühle,Sipbach,370.01,22.4,456987.38,464880.55,48.080699234992146,14.097625654785261
359,205633,Kirchdorf an der Krems,Krems,414.44,40.5,457617.54,445780.74,47.90882421692366,14.10355291512492
360,205641,Kremsmünster (Ort),Krems,338.84,147.2,459609.74,461667.38,48.0515582824141,14.132387148950595
361,206813,Unterrohr,Sulzbach,318.39,74.8,464447.51,464129.37,48.073241101630245,14.197660447132057
362,205658,Kremsdorf,Krems,270.35,365.3,469393.52,478265.89,48.19988984922701,14.26631810607816
363,205682,Ebelsberg,Traun,250.85,3985.0,473634.64,483677.13,48.248092369325505,14.32430735917446
364,206516,Au bei der Traun,Welser Mühlbach,321.34,0.0,447467.19,470639.9,48.13327718490969,13.970451834521393
365,206607,Hörsching (Ort),Hörschinger Bach,286.16,20.5,462607.6,481111.76,48.22618349846789,14.175426565589117
366,205690,St. Florian bei Linz,Ipfbach,258.21,86.0,477830.08,478771.85,48.203477003132065,14.379920581512495
367,206573,Engerwitzdorf,Große Gusen,312.5,106.7,482340.3,494420.42,48.343666773980345,14.443608622327787
368,206854,Unterweitersdorf,Kleine Gusen,327.42,76.6,484021.46,497177.46,48.368246193492325,14.466831766117695
369,206375,St. Georgen an der Gusen (Bad),Gusen,246.67,257.7,482714.31,487076.32,48.27756351786131,14.447237811761362
370,203703,Flachau,Enns,898.45,89.6,404466.22,382848.39,47.34514682130743,13.391728710297567
371,203711,Altenmarkt im Pongau,Enns,837.35,134.5,407249.86,386805.46,47.38072705031153,13.428641062168634
372,203729,Radstadt (Enns),Enns,823.31,189.7,410556.44,387215.63,47.384373783719624,13.47245278707059
373,203737,Löbenau,Taurach,835.8,86.5,411286.19,385556.2,47.36943103747284,13.48207915214209
374,203919,Forstau,Forstaubach,882.42,57.2,416804.2,386619.46,47.37888118457948,13.555199995999848
375,210625,Tetter,Untertalbach,1019.47,65.2,428674.04,383958.17,47.35452701161234,13.712264822840357
376,210641,Schladming,Enns,724.85,648.8,427535.64,388700.08,47.39724064023884,13.6974841719429
377,210674,Aich,Enns,688.86,807.5,436828.75,391370.13,47.42080877768305,13.820846307116463
378,210740,Trautenfels,Enns,639.96,1517.4,456760.64,401976.3,47.51480868833334,14.086429374572559
379,210732,Irdning,Donnersbach,644.07,194.3,457397.33,400716.93,47.50342261020682,14.094721354194675
380,210773,Aigen im Ennstal-Ketten,Gulling,644.59,155.9,461405.55,403197.44,47.525374943655194,14.148283063664948
381,210799,Liezen (Röthelbrücke),Enns,627.0,2132.0,468992.71,406220.1,47.55181106110281,14.249530951766442
382,210815,Selzthal,Palten,632.93,368.7,473294.75,405375.06,47.54373934309004,14.306560421663242
383,210823,Admont (Enns),Enns,616.8,2651.0,484935.38,409680.77,47.58106260970973,14.462053761690546
384,210856,Hieflau,Erzbach,485.86,245.3,506263.79,412578.65,47.604000446198526,14.746319653762106
385,210864,Gußwerk,Salza,735.5,280.0,547815.27,428715.25,47.74102231641141,15.304352524267472
386,210880,Weichselboden,Radmerbach,668.63,54.1,537982.5,421173.83,47.675357263875426,15.170864688639337
387,210898,Wildalpen,Salza,583.06,592.3,523909.85,419718.05,47.665099176659126,14.983029549209009
388,206763,Platzl,Laussabach,421.0,93.5,498040.46,426183.03,47.72767337094324,14.63997507818655
389,205732,Weyer Markt,Gaflenzbach,383.76,87.3,498818.89,440200.4,47.853648683882135,14.65352257497537
390,206540,Pechgraben,Pechgraben,420.78,24.6,489638.78,446302.76,47.90988092493734,14.53208473928719
391,206367,Große Klause,Reichramingbach,463.43,78.1,485453.72,434758.0,47.80659067662396,14.473828010471623
392,205740,Reichraming,Reichramingbach,347.78,168.6,483877.11,443585.94,47.88621343841743,14.45447165230155
393,205757,Jägerberg,Enns,285.77,4996.1,480821.27,459029.79,48.025527660701336,14.416475143442034
394,205765,Dietlgut,Steyr,642.78,25.2,458226.32,419059.3,47.66837139242299,14.108147818734995
395,206425,Hinterstoder (Weißenbach),Weißenbach,645.24,16.6,459315.49,419787.45,47.6748239829694,14.12275249452102
396,205773,Polsterlucke,Krumme Steyr,614.01,18.3,458597.66,421725.97,47.69232901903035,14.113448977543701
397,205781,Hinterstoder,Steyr,599.45,81.8,460647.11,421847.09,47.69323097457273,14.14077440417134
398,205799,Kniewas,Steyr,468.61,184.9,462669.14,430110.81,47.7673832797756,14.168898342903647
399,205807,Spital am Pyhrn,Teichl,625.5,40.2,475162.49,419265.26,47.668489140601615,14.333746590282873
400,205815,Windischgarsten,Dambach,603.32,67.0,474926.51,425179.11,47.721718939581606,14.33161285947699
401,205823,Teichlbrücke,Teichl,571.17,148.6,472155.63,425667.14,47.726422842832015,14.29475157673794
402,206821,Roßleithen (Klammstein),Hinterer Rettenbach,593.6,15.4,473052.22,428598.07,47.75268996198531,14.30719444014381
403,205831,St. Pankraz,Teichl,484.58,232.8,465670.15,429959.73,47.76572779317392,14.208920761425734
404,206524,Spering,Vorderer Rettenbach,513.95,15.0,464728.65,431789.08,47.7822796022301,14.196628232562299
405,205856,Steyrling,Steyrling,496.68,72.4,460253.58,434266.7,47.804999434900274,14.137236915150723
406,205864,Klaus an der Pyhrnbahn,Steyr,420.29,542.4,461873.53,437090.0,47.83024618589926,14.159268403082748
407,205872,Dandelmühle,Paltenbach,398.72,43.0,465274.06,441141.9,47.86636440978899,14.205304722501232
408,205880,Innerbreitenau,Krumme Steyrling,470.85,99.6,475127.46,440945.57,47.86353150032484,14.336999666063214
409,205898,Molln,Krumme Steyrling,404.16,129.4,470809.49,444256.45,47.89380501166424,14.279812474312406
410,205583,Leonstein,Schmiedleitnerbach,422.9,20.9,465835.26,446794.62,47.91716261768185,14.213659600847725
411,205914,Pergern,Steyr,301.81,898.1,476243.19,461762.0,48.05066128346119,14.35556513789566
412,205922,Steyr (Ortskai),Enns,280.97,5915.4,481440.26,461033.45,48.04347346891819,14.42515208286719
413,206599,Steyr (Zollamt),Ramingbach,290.37,71.1,483033.75,461213.23,48.044887764890326,14.446561787523516
414,207084,"Mauthausen (Strom-km 2110,98)",Donau,235.98,90601.2,489109.81,482891.23,48.239066787760656,14.532545175135455
415,205948,Freistadt (Hafnerzeile),Feldaist,538.42,64.6,486707.44,512160.44,48.50264190679079,14.506132677257412
416,206581,Kefermarkt,Feldaist,462.04,187.0,488895.09,505591.14,48.44326075918556,14.534367463563001
417,206680,Weitersfelden,Wald-(Schwarze) Aist,676.66,101.7,502706.38,508970.93,48.47159125000329,14.721870438137065
418,205971,Pfahnlmühle,Waldaist,322.36,266.1,491569.82,493834.19,48.33714453551834,14.568003523204128
419,205989,Schwertberg (Kaolinwerk),Aist,253.24,604.7,492425.45,488572.17,48.28969491662878,14.57841089378013
420,207431,Wallsee,Donau,226.0,91461.3,501634.45,475033.32,48.16653393044181,14.699320241086548
421,209247,St. Pantaleon (Süd),Erla,241.68,91.8,491300.24,479353.4,48.20693886510417,14.5612867985076
422,205997,Königswiesen (Ort),Große Naarn,562.56,80.4,511544.07,501610.79,48.40392246265733,14.839466219390944
423,206003,Unterweißenbach,Kleine Naarn,612.06,36.9,507124.73,505209.4,48.43703941999981,14.78067964570877
424,206029,Haid,Naarn,233.54,312.3,500339.96,479690.16,48.208622091941706,14.683000905295525
425,206037,Sturmmühle,Klambach,231.56,87.6,507363.47,480265.41,48.212662460418805,14.777651583878566
426,207100,Grein (Schiffsstation),Donau,219.43,92082.4,513201.47,481994.24,48.22721059212756,14.85666651803865
427,206227,Waldhausen (Seeausfluß),Sarmingbach,457.75,42.0,520458.78,488079.84,48.28062305360708,14.956057974080954
428,207613,Isperdorf,Isper,232.74,164.7,524100.35,479520.17,48.20294911229361,15.002649628077656
429,207126,Ybbs an der Donau,Donau,212.22,92464.2,530233.3,477032.61,48.179365093808165,15.084404719456131
430,209551,Lunz am See (Seestraße),Ois,592.43,117.9,527054.9,441505.27,47.86046186722402,15.031237457290654
431,214262,Lunz am See (Wassercluster),Lunzer See,606.25,24.7,527909.9,440576.98,47.85194403429904,15.042392246611103
432,214445,Lunz am See (Wassercluster Summenpegel),Lunzer See mit Seeausleitung,606.25,24.7,527909.9,440576.98,47.85194403429904,15.042392246611103
433,214254,Göstling (Weidenauer Brücke),Ybbs,518.33,315.1,519519.61,436014.25,47.812506178311516,14.929018653884306
434,207654,Opponitz (Mirenau),Ybbs,391.29,506.9,512013.5,444598.61,47.89106661789511,14.83099130121058
435,209130,Ybbsitz (Obergurhof),Kleine Ybbs,398.86,98.5,515581.84,450681.59,47.94515405881667,14.880330121466004
436,207696,Krenstetten,Urlbach,304.27,155.8,502039.9,462957.1,48.05784970144308,14.701917475384727
437,207688,Greimpersdorf,Ybbs,261.89,1116.6,516078.62,469168.56,48.11134429221293,14.891936723463346
438,207704,Mitterbach (Brücke),Große Erlauf,785.91,29.7,547000.0,436800.9,47.81392965067838,15.29620210952313
439,207712,Wienerbruck,Ötscherbach,622.17,36.1,545768.21,440713.61,47.84939844428997,15.28106274636653
440,207720,Reith,Lassingbach,793.88,23.2,548107.86,442380.21,47.86386007867185,15.312894192620506
441,208850,Erlaufboden (EVN),Große Erlauf,529.79,135.7,544370.88,444232.27,47.88136164664102,15.263562526327899
442,207738,Kienberg (Neuhaus),Große Erlauf,382.82,203.3,533880.74,449748.9,47.933234647223934,15.125004209999329
443,207746,Gaming,Gamingbach,396.14,51.5,532357.27,450548.37,47.94073888800749,15.104858159115091
444,207787,Neubruck,Jeßnitz,352.92,32.2,538430.31,454577.93,47.975708089120936,15.187432765794311
445,209882,Scheibbs (Kardinal König Brücke),Große Erlauf,325.25,330.2,536765.76,457520.5,48.00252763546431,15.166065576584932
446,209403,Schliefau,Schliefaubach,385.95,17.7,520637.09,458120.78,48.01114167429083,14.950075181991027
447,209817,Wang,Kleine Erlauf,313.07,127.6,526061.23,462394.02,48.048539265621116,15.024024705049682
448,207795,Wieselburg (Messegelände),Kleine Erlauf,247.97,167.5,534021.29,471365.16,48.1276177092056,15.133578488087323
449,207803,Niederndorf,Erlauf,225.4,604.9,536931.33,476112.77,48.16970234717712,15.174179120913582
450,209387,Laimbach,Laimbach,515.44,10.6,532962.24,492315.27,48.31624545087062,15.125834756798168
451,207811,Weitenegg,Weitenbach,234.23,216.9,544958.3,484244.25,48.24106916667315,15.284834404778078
452,207134,"Melk (Strom-km 2035,98)",Donau,199.97,94813.3,548242.39,483521.43,48.23381998483452,15.328795621116218
453,209197,Lachau,Melk,250.53,95.2,543894.33,469060.92,48.10476525394406,15.265434747639256
454,207829,Hörsdorf,Mank,279.77,37.6,548822.54,470602.44,48.11750860804476,15.33213683547089
455,207837,Matzleinsdorf,Melk,211.52,284.6,544530.31,480044.92,48.20340200731665,15.277659848450272
456,207845,Schwarzenbach an der Pielach (Guttenhof),Pielach,471.6,42.2,552472.0,453038.97,47.95870560896594,15.374958527809968
457,214312,Loich,Pielach,394.09,144.5,553642.25,459218.62,48.014003040347205,15.39281743933851
458,207852,Hofstetten (Bad),Pielach,311.24,289.5,562324.25,468582.46,48.09608281331504,15.51269538896812
459,207860,Großsierning,Sierningbach,236.68,87.7,558149.01,479028.19,48.191054237296036,15.460481367300472
460,209502,Elsarn,Spitzerbach,312.63,48.6,550143.96,498057.37,48.36408930150332,15.359486721642265
461,207357,Kienstock,Donau,194.0,95970.0,557723.42,500283.1,48.38228234933934,15.462582140791762
462,207142,Stein-Krems,Donau,188.96,96044.8,566712.75,502727.86,48.40198801728331,15.584872045390263
463,214304,Furth (Feuerwehrhaus),Fladnitz,209.23,162.4,568875.36,499592.1,48.373227621887665,15.612832050875221
464,209536,St. Aegyd am Neuwalde (Eisenwerk),Unrechttraisen,562.52,53.9,567893.49,442294.85,47.858261858883274,15.577273617503929
465,208868,Hohenberg (Süd),Unrechttraisen,484.81,104.0,570981.47,447317.82,47.90262356189561,15.620509483608286
466,207894,Lilienfeld-Marktl,Traisen,356.55,345.2,569371.9,461018.08,48.02624765198246,15.604333469966678
467,208793,Ramsau (Zentrum),Ramsaubach,468.32,40.1,584614.48,458866.71,48.002720868450005,15.807731626629938
468,209445,Haxenmühle,Halbach,396.02,91.8,578301.57,462338.06,48.03571041301297,15.72457716614648
469,215574,Rainfeld,Gölsen,379.57,204.1,577215.77,463768.67,48.0488736848665,15.710605903184332
470,207910,Windpassing,Traisen,294.15,733.3,571648.91,474325.83,48.14531012395015,15.64014814939251
471,208777,Herzogenburg (Straßenbrücke),Traisen,219.61,823.7,575865.01,489771.04,48.283046489449866,15.70311668813982
472,207951,Neustift,Großer Kamp,687.04,76.7,525940.17,513477.67,48.50796857576829,15.037405204743095
473,207936,Zwettl (Sportplatz),Zwettl,514.68,269.1,534758.43,524771.9,48.60772623944461,15.160326306376197
474,207944,Zwettl (Bahnbrücke),Kamp,506.57,621.8,535583.84,525079.15,48.61031407686669,15.171616107335767
475,207969,Kaltenbrunn,Purzelkamp,722.05,33.5,537786.63,512681.63,48.49836813796347,15.19745670386975
476,207977,Rastenberg,Purzelkamp,517.48,94.5,546810.38,519601.47,48.55857963524048,15.321934042310591
477,207985,Rosenburg (EVN),Kamp,261.58,1150.2,568134.19,528074.38,48.62949581728757,15.614101151658787
478,209338,Frauenhofen,Taffa,304.83,140.0,569503.73,533342.52,48.67649312239312,15.634789211711466
479,208520,Rosenburg,Taffa,263.46,221.5,571622.09,528566.87,48.632994201806284,15.661604043766111
480,207993,Stiefern,Kamp,216.99,1493.3,574034.59,517724.3,48.53486597132991,15.68986850929261
481,207878,Imbach,Krems,230.59,305.9,565225.86,507507.63,48.44534865161508,15.566647911832957
482,207365,Bärndorf,Donau,174.0,99426.2,589708.71,497895.45,48.352145815538506,15.89319613867298
483,209486,Böheimkirchen,Perschling,230.53,55.3,580349.04,480134.09,48.19515529472955,15.759470697021506
484,215541,Plosdorf,Michelbach,238.45,98.0,580356.77,478874.81,48.18383055072826,15.759046433133419
485,208009,Atzenbrugg (Bundesstraßenbrücke),Perschling,184.52,268.3,591175.14,490966.0,48.28941254123797,15.909878514072595
486,208017,Siegersdorf,Große Tulln,195.68,202.3,593422.2,487243.1,48.255269089734625,15.938469618163248
487,209569,Sieghartskirchen (Steg),Kleine Tulln,190.06,68.5,598945.07,487625.81,48.25702244635019,16.012997376387293
488,207175,Greifenstein,Donau,160.0,100343.7,616938.05,498849.95,48.35208857112794,16.260893509371364
489,209643,Eggenburg (Kläranlage),Schmida,298.6,22.3,583573.89,530222.85,48.644551711051676,15.824414526928152
490,208041,Hollenstein,Schmida,225.54,212.0,591551.32,520513.04,48.55492291628022,15.928229261829498
491,209635,Kleinstetteldorf,Kleiner Göllersbach,233.71,86.9,607631.64,524622.2,48.58683103977087,16.14796486009124
492,208058,Obermallebarn,Göllersbach,189.13,379.9,608837.66,511079.2,48.46470725739307,16.15763876730644
493,207241,Korneuburg,Donau,159.87,101536.6,622472.69,496308.36,48.32734633159567,16.334207119835117
494,209460,Klosterneuburg (Prägarten),Weidlingbach,167.54,33.2,622344.44,492884.4,48.296614357744375,16.330698994397384
495,207183,Wien (Nußdorf),Donau,156.48,101700.0,625174.75,489389.94,48.26421720534617,16.36698830824629
496,207209,Wien (Brigittenau),Donaukanal,154.22,0.0,625596.14,488170.85,48.253111375109526,16.37201965135826
497,207225,Wien (Heiligenstädter Brücke),Donaukanal,154.22,0.0,625267.69,487206.04,48.244554374484586,16.367092121487108
498,207233,Wien (Schwedenbrücke),Donaukanal,152.68,0.0,626265.04,483619.23,48.211963162459874,16.378622707274392
499,208066,Pressbaum,Wien,287.44,32.0,605657.31,479707.45,48.18372262056641,16.09956612119261
500,209627,Purkersdorf,Gablitzbach,245.05,23.0,611076.84,483073.44,48.21222546194701,16.174072606134523
501,209916,Hadersdorf-Weidlingau,Wien,219.81,110.0,614545.28,482794.29,48.20856744642698,16.220582979887656
502,209890,Mauerbachstraße,Mauerbach,225.47,35.1,614720.4,483190.5,48.21207065098274,16.22313620475927
503,208082,Kennedybrücke,Wien,182.61,199.4,621067.8,480732.0,48.187818743874566,16.307238726205856
504,209478,Klausenleopoldsdorf,Schwechat,369.53,56.3,599846.23,468823.88,48.08770629385125,16.016394961640984
505,208090,Cholerakapelle,Schwechat,255.21,181.0,611680.23,461014.62,48.0137198599691,16.171357966129044
506,209718,Traiskirchen,Schwechat,192.44,265.7,621872.25,461726.55,48.01669459875399,16.308275878653042
507,208116,Fahrafeld,Triesting,338.17,186.0,604051.15,456918.1,47.97934769224706,16.067201722645006
508,208124,Hirtenberg,Triesting,279.13,287.3,612372.62,451692.31,47.92968142300794,16.176068050278136
509,208108,Mödling,Mödling,223.23,59.0,619450.41,469023.31,48.08311882017623,16.279530914735734
510,209783,Baden (Schloßgasse),Badener Mühlbach,236.3,0.0,614984.8,460386.1,48.00697647267452,16.215322461299642
511,209031,Achau (Pottendorfer Linie),Krottenbach,173.92,27.8,626158.11,469964.73,48.08926130165589,16.37001117165658
512,209346,Hennersdorf,Petersbach,181.31,20.0,625577.77,472893.66,48.11579341207596,16.363756639459584
513,208132,Paul Katzbergergasse,Liesing,228.18,59.0,619118.18,474981.22,48.13679060044477,16.27810142426307
514,209908,Großmarktstraße,Liesing,179.47,94.9,625590.9,476204.9,48.14555371018157,16.365666772173608
515,209353,Oberlaa,Liesing,171.46,101.7,628458.01,475234.78,48.13582175081288,16.403661247985816
516,208157,Schwechat (Hallenbad),Schwechat,154.6,1028.9,633608.97,475912.05,48.140060033913954,16.473197489421032
517,208165,Ebreichsdorf (Golfplatz),Kalter Gang,197.43,11.6,627835.21,456822.62,47.97053241990782,16.385589360909744
518,208199,Schwechat (Rathauspark),Kalter Gang,158.02,112.8,633801.14,476013.51,48.14090220640826,16.475833305763057
519,207258,Fischamend (Sporthafen),Donau,143.92,103312.8,645846.33,475115.13,48.12833807430229,16.637069263917144
520,207217,Wien (Kagraner Brücke),Alte Donau,154.62,0.0,629757.18,486664.48,48.238096068271254,16.427216222176742
521,208231,Schranawand,Fischa,190.54,66.7,632312.0,457834.0,47.97802821031147,16.446057785039734
522,208272,Gutenstein (Kirche),Piesting,477.83,50.3,590967.03,444925.44,47.87551774803423,15.886708537105195
523,208140,Oed (Brücke),Piesting,388.07,226.0,601093.36,445621.01,47.87870268775522,16.0223622546535
524,208280,Wöllersdorf (Hydro),Piesting,307.04,284.1,612907.57,444475.9,47.86462590503465,16.179689974102743
525,208298,Wöllersdorf (Ausleitung),Tirolerbach,308.57,0.0,612898.99,444413.04,47.86406357771897,16.179544593865128
526,208306,Tattendorf,Piesting,221.1,315.0,624084.51,452524.95,47.93321050879576,16.33315956065918
527,214502,Ebreichsdorf (Steg),Piesting,195.57,323.5,629340.04,456654.84,47.96849128005555,16.40564465974517
528,208397,Moosbrunn (Feuchtland),Schlauchgraben,181.92,0.0,632559.0,461971.0,48.01512704826029,16.451586388590837
529,208405,Gramatneusiedl,Jesuitenbach,178.26,0.0,634851.0,462348.0,48.01768529784524,16.482497378102835
530,208413,Marienthal (Bahnbrücke),Fischa,174.61,417.3,636460.0,463308.0,48.025726540172656,16.504579006916217
531,208421,Reisenberg,Reisenbach,174.43,19.0,638611.26,460389.11,47.99869717769511,16.531795553418824
532,208439,Fischamend (Rohrbrücke),Fischa,152.42,534.9,644158.53,472238.4,48.10312481724654,16.61278029588045
533,207423,Orth an der Donau,Donau,142.3,103934.0,651541.5,474898.92,48.1241939679016,16.713398838866212
534,207373,Wildungsmauer,Donau,139.48,103992.7,658438.19,474215.23,48.11531708008519,16.80556243374747
535,207266,Bad Deutsch Altenburg (Bauleitung),Donau,136.18,104043.7,665535.75,477492.26,48.141876914902085,16.90283066475465
536,207274,Hainburg an der Donau,Donau,135.25,104727.1,668189.67,478392.58,48.148866413138535,16.939024183950504
537,208769,Wolkersdorf (Rückhaltebecken),Rußbach,171.4,136.8,634768.61,504004.55,48.39213238467559,16.504160009018065
538,208454,Leopoldsdorf im Marchfelde,Rußbach,145.37,437.5,651397.93,486291.06,48.22663383556165,16.71813161400962
539,209262,Engelhartstetten,Rußbach,138.32,497.8,664772.01,482582.81,48.18793711795452,16.895709334177866
540,206557,Leopoldschlag,Maltsch,619.24,95.3,486387.27,524884.12,48.61711175884185,14.504388712374015
541,214429,St. Martin (Brücke Pölzl),Lainsitz,619.14,93.1,511514.79,528888.42,48.649226130984616,14.846231378715844
542,208462,Ehrendorf,Lainsitz,481.8,267.6,519441.14,540994.27,48.75664241064131,14.957222310717178
543,214296,Altmanns (Brücke),Braunaubach,535.88,59.1,528583.06,554374.98,48.875163644177675,15.08563344786795
544,208892,Heidenreichstein (Kleinpertholz),Romaubach,540.71,51.8,530502.0,552916.84,48.86166306076421,15.111333653186824
545,208579,Hoheneich,Braunaubach,478.92,291.5,523102.83,542695.83,48.771243925875325,15.007513637640706
546,214338,Gopprechts (Brücke),Reißbach,498.31,102.5,524789.53,556306.34,48.89328411462376,15.03450360800697
547,208611,Schwarzenau (Süd),Deutsche Thaya,491.22,175.5,541588.32,539787.51,48.74125218688362,15.25796352251558
548,214437,Thaua,Thauabach,511.23,78.7,546997.93,537355.36,48.718159929731435,15.330648198459443
549,209734,Peigarten,Taxenbach,457.59,154.7,542533.36,556284.19,48.88934948351495,15.276410253021703
550,214460,Dobersberg (B30),Deutsche Thaya,445.91,597.6,546272.98,559065.73,48.913503698535415,15.328362670899018
551,209601,Alberndorf,Mährische Thaya,409.22,621.5,556932.95,555298.29,48.877090530414506,15.472332327451321
552,208629,Raabs an der Thaya,Thaya,395.46,1405.8,559004.74,551810.49,48.84522230633616,15.499243869346646
553,209759,Aigen,Seebsbach,434.67,114.1,558506.25,548260.89,48.813437942446484,15.491113390538194
554,209171,Hardegg,Thaya,281.19,2382.3,585895.04,553419.34,48.8523824080159,15.86614920053259
555,209510,Pulkau,Pulkau,261.89,87.6,585386.31,537161.2,48.706395879758965,15.852048299395223
556,209155,Haugsdorf,Pulkau,197.69,277.0,600612.99,538032.95,48.70961598280146,16.059242401013357
557,208652,Blaustauden,Thayamühlbach,180.6,139.9,621154.96,541137.56,48.730712087501956,16.339814404858114
558,207290,Bernhardsthal (Staatsgrenzpunkt IX),Thaya,152.51,12623.0,661564.02,541215.71,48.71608747874828,16.888646818292408
559,207498,Rabensburg,Thaya,150.9,12767.2,663287.52,537034.23,48.677810066958756,16.909433589499635
560,207308,"Hohenau an der March (Fluss-km 66,92)",March,146.82,24137.8,665414.2,528583.5,48.601004182054986,16.932974189324355
561,209452,Asparn an der Zaya,Zaya,212.9,80.6,633054.55,525914.47,48.589665558069605,16.493047983968925
562,209189,Niederabsdorf,Zaya,151.42,515.6,660671.17,525475.26,48.575033572286706,16.866807788166053
563,207316,"Dürnkrut (Fluss-km 44,33)",March,142.02,25404.7,661009.51,513275.33,48.4652776226951,16.86388440215496
564,207324,Angern an der March,March,139.74,25623.8,659201.61,504043.39,48.38305790061973,16.83383889694849
565,208678,Bad Pirawarth,Weidenbach,166.59,71.0,642627.98,508743.13,48.431787736137835,16.61291117741729
566,207332,"Marchegg (Fluss-km 14,98)",March,136.44,26135.6,665786.65,492857.61,48.27984772032496,16.915709843388296
567,207407,Thebnerstraßl,Donau,133.26,131384.0,671415.92,480500.29,48.16645277730133,16.98367532844102
568,207282,"Wolfsthal (Strom-km 1874,84)",Donau,130.21,131411.3,674846.42,477686.7,48.13971361947923,17.027957049087714
569,210435,Deutsch-Jahrndorf (Neurießäcker),Wiesgraben,129.22,0.0,682207.02,461129.36,47.987752036270464,17.11594810931761
570,208686,Schwarzau im Gebirge (Bundesstraße),Schwarza,601.8,128.4,577706.56,437321.88,47.81091804866318,15.706359876403784
571,208694,Singerin,Naßbach,576.71,80.0,579317.72,432935.43,47.77102863540416,15.726066401050929
572,208702,Singerin (Höllental),Schwarza,568.99,252.3,579969.27,432953.62,47.7710116128867,15.734765099658174
573,208710,Gloggnitz (Adlerbrücke),Schwarza,435.38,472.2,595525.67,422981.7,47.676838554615614,15.937803864751
574,208736,Stixenstein (Schloß),Sierning,459.73,89.7,598397.45,430550.67,47.744025753509945,15.979468171375576
575,208785,Loipersbach,Schwarza,344.46,716.6,609181.68,428291.79,47.720326106166446,16.122143953038382
576,208819,Aspang-Höll,Großer Pestingbach,439.73,96.5,608147.22,412922.13,47.582464386552125,16.101070245022427
577,208827,Feistritz am Wechsel,Feistritz,447.86,114.4,606918.72,413751.02,47.59030949271884,16.085134034052803
578,214353,Feistritz am Wechsel (Summenpegel),Feistritz mit Kraftwerksdurchfluss,447.86,114.4,606918.72,413751.02,47.59030949271884,16.085134034052803
579,214395,Petersbaumgarten,Pitten,384.78,271.1,610078.72,418937.14,47.63592645488176,16.129613260162344
580,209544,Scheiblingkirchen,Schlattenbach,369.71,69.5,610516.31,421671.14,47.660366911076586,16.13674579842255
581,208843,Bad Erlach,Pitten,306.96,412.9,615971.79,429225.9,47.726499029867384,16.213073655116613
582,215608,Lanzenkirchen,Leitha,294.05,1170.0,617993.2,430971.67,47.74152203379622,16.24088766261478
583,208884,Wiener Neustadt (Straßenbrücke),Leitha,263.97,1220.6,620156.33,437854.05,47.80266687918162,16.27318823266197
584,209288,Zillingdorf,Leitha,238.03,1242.2,623763.03,444012.9,47.85679932883118,16.324477783847914
585,209593,Winzendorf (Siedlerstr.),Prossetbach,323.48,33.4,608194.29,438451.33,47.81198938794393,16.11382893685965
586,208900,Bad Fischau (Thermalbad),Warme Fischa,280.76,1.6,612006.25,440823.55,47.83208050737682,16.165861606888573
587,209585,Winzendorf (Frauenbachgasse),Frauenbach,316.87,14.4,608488.16,437810.41,47.806132323482174,16.117445032713583
588,208918,Wiener Neustadt (Reitweg),Warme Fischa,262.68,92.5,616156.57,439643.34,47.82009700853101,16.220691435070755
589,215558,Urschendorf (Schlosspark),Johannesbach,342.41,27.4,607017.18,435153.5,47.78271569234927,16.096552849164564
590,208926,Wiener Neustadt (Ostende),Warme Fischa,255.52,196.5,618720.47,440191.58,47.82416887134807,16.25519996879145
591,208934,Peisching (Brücke),Kehrbach,355.52,0.0,608092.02,428463.27,47.72221843972048,16.10770658292847
592,208942,Peisching,Mühlbach,355.83,0.0,608060.7,428471.07,47.722298619430966,16.107292960473814
593,208967,Katzelsdorf (EVN),Katzelsdorfer Werkskanal,270.49,0.0,619723.35,436838.91,47.793687400646405,16.266899266416797
594,208975,Wiener Neustadt (Flußbauhof),Wiener Neustädter Kanal,260.8,0.0,618926.19,439165.1,47.81487084824041,16.257430874712117
595,208983,Wiener Neustadt (J. Straußg.),Kehrbach,255.44,0.0,618986.05,439635.61,47.81908068419537,16.258466146988745
596,214387,Wiener Neustadt (Lichtenwörtherg.),Warme Fischa,251.53,241.8,620262.03,441462.65,47.835073462491785,16.276421695276614
597,214031,Deutsch Brodersdorf (Messseilbahn),Leitha,192.56,1598.9,634723.2,453521.98,47.93839476961338,16.476004302201858
598,215517,Götzendorf,Leitha,167.62,1709.6,642470.84,461894.7,48.01079095016799,16.584327367627907
599,209007,Deutsch Haslau,Leitha,139.26,1982.0,668974.37,467181.06,48.0477888865736,16.942568895585612
600,210443,Gattendorf (Schleuse),Kleine Leitha,136.1,0.0,672646.85,463996.13,48.017625050343845,16.98977814262837
601,210450,Deutsch-Jahrndorf (Albrechtmühle),Kleine Leitha,131.38,0.0,678733.14,462807.18,48.00433905470441,17.070528055163052
602,210013,Nickelsdorf (Kläranlage),Leitha,127.22,2131.3,680583.95,456367.67,47.94567205419702,17.091140031102018
603,210021,Nickelsdorf (Pötschring),Komitatskanal,127.35,0.0,680829.97,457048.06,47.95167901836432,17.094871001438747
604,210039,Piringsdorf (Pfarrbrücke),Rabnitz,297.72,117.7,632582.64,399043.62,47.44941508944132,16.41844313982664
605,210054,Mannersdorf a. d. Rabnitz (Hansäcker),Rabnitz,231.18,224.3,641200.35,397518.0,47.43256810825961,16.531822116846104
606,210062,Oberpullendorf  (Fußgeherbrücke),Stoober Bach,237.13,149.0,639268.07,404801.24,47.49875611229282,16.510165193440155
607,210500,Lutzmannsburg (Weingartenbrücke),Rabnitz,194.53,554.8,649474.88,400885.26,47.45972411363346,16.64334308261144
608,210070,Walbersdorf,Wulka,218.52,78.1,631457.21,431332.97,47.74010308142602,16.42052308663548
609,210088,Wulkaprodersdorf (Bundesstraße B16),Wulka,164.22,220.1,637283.03,437679.99,47.795053078204965,16.501610094173063
610,210328,Trausdorf an der Wulka,Wulka,142.68,235.9,642000.6,440257.88,47.816480114399624,16.56597412115235
611,210393,Oslip,Eisbach,129.6,63.3,644880.44,443427.5,47.843888119815816,16.60618809805188
612,210096,Schützen am Gebirge,Wulka,122.17,383.7,647192.2,444443.8,47.852144092755125,16.637632148234516
613,210369,Gols,Golser Kanal,117.39,34.1,663788.31,447246.23,47.870776045961044,16.860933088741948
614,210351,Breitenbrunn (Schilfzone),Neusiedler See,114.0,1230.0,655794.77,452869.3,47.92452709907309,16.75746313399775
615,210138,Breitenbrunn (Seebad),Neusiedler See,114.0,1230.0,656732.86,451962.75,47.91600711832122,16.769471177399677
616,210146,Neusiedl am See (Seebad),Neusiedler See,114.0,1230.0,661600.3,453727.5,47.92991508148409,16.835608081654268
617,210153,Podersdorf am See (Badebucht),Neusiedler See,114.0,1230.0,661442.5,445960.6,47.86017411083142,16.828826141233463
618,210112,Rust (Seebad),Neusiedler See,114.0,1230.0,651774.08,439031.13,47.80172606203512,16.69569116857249
619,210179,Illmitz (Biologische Station),Neusiedler See,114.0,1230.0,656180.89,435699.04,47.77004812134113,16.752525095673388
620,210120,Mörbisch am See (Zoll),Neusiedler See,114.0,1230.0,652201.73,433486.73,47.751724092936456,16.6981940681243
621,210187,Apetlon Staatsgrenzpunkt (A79),Neusiedler See,114.0,1230.0,656354.61,425848.53,47.681440112859164,16.74906912298761
622,215020,Deutschkreutz,Goldbach,186.44,16.7,645794.88,416069.6,47.597621092019956,16.60303110479353
623,210955,Arzberg (Moderbach),Moderbach,575.18,82.4,564858.66,374582.88,47.250059380239044,15.511378268436314
624,211698,Arzberg (Raab),Raab,566.62,119.1,565453.53,374283.31,47.24721492058608,15.519124710654078
625,211599,Mitterdorf an der Raab,Raab,397.84,183.7,573088.53,366098.91,47.17163157499686,15.616792695976915
626,210963,Unterfladnitz,Weizbach,401.49,93.7,576692.17,366986.72,47.17865477621181,15.664671165843785
627,211706,St. Ruprecht an der Raab,Raab,369.92,300.8,576940.6,363698.03,47.149010312452674,15.666646605352875
628,211888,Flöcking,Rabnitzbach,354.18,94.0,577762.0,358387.42,47.101026257269446,15.675366857631822
629,210971,Takern II,Raab,319.0,498.9,584209.87,352109.29,47.04278644927699,15.757712087200309
630,210989,Feldbach,Raab,276.22,689.4,594130.4,342690.93,46.9552311829981,15.884157921569091
631,210468,Neumarkt,Raab,230.64,986.5,614957.57,340540.98,46.929425303057386,16.156642657024612
632,210997,Rohrbach an der Lafnitz,Lafnitz,419.48,268.5,601554.15,390646.79,47.38424004464367,16.00328316146636
633,211680,Hammerkastell,Lafnitz,365.28,285.5,605351.97,384154.9,47.3246807864864,16.050561492735095
634,210203,Markt Allhau (Musserbrücke),Stögersbach,337.29,70.8,608074.15,380706.93,47.29281557750993,16.084947489972343
635,211003,Wörth an der Lafnitz,Lafnitz,299.68,439.4,608490.75,371566.33,47.21049038145339,16.08617610107784
636,211623,Pöllau (Prätisbach-II),Prätisbach,433.23,21.1,588648.43,382206.72,47.312196533046766,15.828811995903314
637,211631,Pöllau (Saifenbach),Pöllauer Saifen,396.85,57.5,589676.37,380041.84,47.2924304304114,15.841481018842115
638,211011,Waltersdorf in Oststeiermark,Safen,283.16,343.4,602832.88,366879.94,47.170125469135385,16.009383298009052
639,210211,Dobersdorf,Lafnitz,234.0,925.1,613010.23,350696.66,47.02137793835971,16.135886974927644
640,211029,Anger,Feistritz,465.39,408.0,578284.02,378080.99,47.278000713409384,15.690102871572593
641,211037,Neudorf bei Ilz,Ilzbach,277.85,190.1,598103.35,356962.64,47.082389021145765,15.942627041620808
642,211912,Ottendorf,Rittschein,289.51,29.0,594706.98,352616.2,47.044318069691094,15.896026828073596
643,210401,Eltendorf (Hackenwiesen),Lafnitz,223.65,1956.3,618337.34,347458.37,46.99051214870799,16.20436710859592
644,210419,Pinkafeld,Pinka,384.05,134.1,610324.04,389472.28,47.3709122192926,16.11883352636204
645,210229,Oberwart (Landeshauptstraße L382),Pinka,302.59,171.7,618244.57,379408.11,47.27782314550319,16.21873009791739
646,215012,Siget in der Wart,Zickenbach OW,280.98,118.8,622785.74,377889.88,47.26264116908972,16.277967144529757
647,210237,Woppendorf,Pinka,242.0,416.9,631633.91,371691.32,47.20383817200167,16.391606083165875
648,210245,Altschlaining,Tauchenbach,315.78,89.2,623130.4,383573.93,47.31363014379612,16.285370169216232
649,210252,Hannersdorf,Tauchenbach,246.96,175.4,630724.6,374454.57,47.22900310557225,16.381039133870132
650,210260,Burg,Pinka,237.88,664.1,633247.13,371933.86,47.20544616697514,16.413015097940008
651,215038,Moschendorf,Pinka,201.25,791.0,637537.5,355869.38,47.05947621806101,16.461088130725454
652,210476,Bocksdorf,Strem,237.02,89.2,616352.29,363683.15,47.137057284852084,16.186095775558176
653,210484,Rauchwart,Strem,227.32,94.4,619914.12,363001.27,47.129742110878865,16.232704102758955
654,210286,Güssing (Kulturzentrum),Strem,209.97,316.4,627078.26,355696.71,47.061624169013776,16.323387095326844
655,210294,Heiligenbrunn,Strem,200.13,400.4,634618.74,352839.55,47.03328520788484,16.421104104592075
656,210302,Kirchschlag in der Buckl.Welt,Zöbernbach,408.47,113.6,623695.9,404546.14,47.50199796072198,16.303439431949386
657,210310,Rattersdorf,Güns,285.24,265.3,638836.97,394954.28,47.41039010141934,16.49912619133593
658,203745,Muhr,Mur,1119.83,75.7,411738.3,355940.71,47.10295206978968,13.487304019562139
659,203828,Unterweißburg,Zederhausbach,1059.67,161.9,420473.51,355356.36,47.09748430523413,13.602389540760068
660,203752,St. Michael i. Lg. (Mur),Mur,1041.75,289.2,423078.12,354903.05,47.093320061085684,13.636685098412974
661,203794,Mörtelsdorf,Mur,1010.24,366.9,434538.8,358685.68,47.1268555615995,13.7879690890128
662,203760,Mauterndorf,Taurach,1108.22,102.1,426556.43,359435.18,47.13396836714874,13.682778458136456
663,203778,Weißpriach,Lonka,1097.35,77.1,428337.22,364001.24,47.17497819435075,13.706545459155349
664,203992,St. Andrä,Göriachbach,1052.52,48.4,434938.58,361244.83,47.149860705368766,13.793438088574968
665,204008,Lessach,Lessachbach,1108.31,70.2,435845.21,363194.2,47.16735165649817,13.805550971637668
666,203786,Tamsweg (Taurach),Taurach,1019.02,377.9,435614.01,359587.72,47.134914602126386,13.802215225751809
667,203810,Madling,Thomataler Bach,971.71,86.1,436540.85,353207.78,47.077459813672846,13.813918551503438
668,203976,Kendlbruck,Mur,933.38,955.0,441686.68,352368.1,47.06959982436913,13.88161626734371
669,211078,Murau Schule,Rantenbach,796.09,189.1,463857.08,357176.48,47.111086742685316,14.174251715740851
670,211086,Gestüthof,Mur,776.3,1700.3,466639.15,357165.86,47.11071527232319,14.210914392095859
671,211995,Katsch,Katschbach,764.65,176.0,471586.33,360880.36,47.14361515594501,14.27670363338803
672,211102,St. Georgen ob Judenburg,Mur,700.15,2367.5,491479.69,368525.52,47.20992708963013,14.540582864244376
673,214775,Hinterwinkel,Pusterwaldbach,1219.01,25.3,473771.92,384037.07,47.351713468045226,14.309349209750714
674,211128,Pöls,Pölsfluß,788.29,422.0,494081.05,369738.85,47.22047489180465,14.575182857466933
675,211136,Zeltweg,Mur,646.34,2957.5,507606.92,366033.42,47.18505957954221,14.75289501174155
676,211730,Eppenstein,Granitzenbach,708.15,153.1,506625.51,360285.45,47.13350956786467,14.738575287106194
677,211920,Hammerjäger,Ingeringbach,748.95,198.5,507561.42,373430.42,47.25161190818492,14.754076054361484
678,211169,Kammern im Liesingtal,Liesing,647.88,265.6,518684.97,388821.88,47.3881489402711,14.905146349031066
679,211185,Leoben,Mur,531.24,4391.9,532936.24,387889.39,47.377016176339346,15.09363104490618
680,211193,St. Peter-Freienstein,Vordernberger Bach,595.02,167.3,528323.14,389720.43,47.39440950172341,15.033070109181539
681,211227,Neuberg an der Mürz,Mürz,715.45,231.5,569715.11,419906.92,47.65644679150747,15.592918159434259
682,211243,Kindtal,Mürz,569.84,727.7,561189.41,405210.69,47.52644351942638,15.474044605206307
683,211862,Edelsdorf,Stanzbach,598.25,78.0,560848.7,399588.06,47.47595797780927,15.467472010321243
684,211250,Hansenhütte,Thörlbach,541.75,324.2,544774.62,398789.19,47.472540556450426,15.253957831718914
685,211268,Kapfenberg-Diemlach,Mürz,485.94,1364.5,546217.31,394211.1,47.4310403267482,15.271583336772597
686,211276,Arndorf,Laming,502.5,153.4,545082.26,393728.94,47.4269568007477,15.256379668049519
687,211292,Bruck an der Mur unter Mürz,Mur,468.14,6214.0,546974.27,391881.56,47.4099168383807,15.280844162698699
688,211649,Deutschfeistritz,Übelbach,397.12,117.8,552099.33,368833.42,47.20143381543723,15.340869665630512
689,211763,Friesach,Mur,379.7,6791.5,550462.85,364625.88,47.16396568209122,15.317855170352368
690,211326,Graz,Mur,341.28,6993.3,559436.5,355340.58,47.07832873944502,15.432894069521643
691,211573,Graz mit MK (Summenpegel),Mur mit Mühlkanal,341.28,6993.3,559431.22,355350.58,47.07841996629665,15.432828103229637
692,211847,Mellach,Mur,291.22,7295.5,564531.87,335885.82,46.90208952850136,15.492870061749118
693,211870,Mellach mit MK (Summenpegel),Mur mit Mühlkanal,290.8,7295.5,564531.87,335885.82,46.90208952850136,15.492870061749118
694,211334,Voitsberg,Kainach,389.23,210.5,537989.19,351354.15,47.04732576066676,15.149252624603365
695,211953,Hitzendorf,Liebochbach,358.73,50.0,549701.9,349186.92,47.025268256306084,15.302664944008363
696,211342,Lieboch,Kainach,319.23,767.1,553157.6,341527.77,46.95557984963375,15.345514987109146
697,211896,Gerbersdorf,Stiefing,296.92,80.0,570838.81,335783.27,46.89956202324989,15.575593671353628
698,211391,Wies,Weiße Sulm,328.3,69.9,548264.02,315033.63,46.7183857698366,15.272552246199869
699,211383,Schwanberg,Schwarze Sulm,402.48,75.2,542955.93,319067.91,46.755843586843895,15.204396783493925
700,214783,Prarath,Sulm,299.76,186.7,553737.95,317261.11,46.737171387272724,15.344895715704343
701,211961,Hörmsdorf,Saggaubach,345.14,56.0,547701.82,312561.1,46.69627124258212,15.264396718064937
702,211656,Gündorf,Saggaubach,289.88,201.9,558525.24,315460.05,46.719840825380366,15.40689834428401
703,211664,Frauental (Laßnitz),Laßnitz,323.4,85.1,547060.17,326937.36,46.82572890185582,15.260664275119304
704,211797,Wettmannstätten,Laßnitz,289.7,216.4,556296.04,328212.09,46.83507188507179,15.38213614862897
705,211854,Wieselsdorf,Stainzbach,290.13,144.8,555308.56,330150.47,46.8527402630621,15.369858475895777
706,211805,Zehndorf,Gleinzbach,287.01,37.8,558695.44,328473.83,46.83685334335524,15.413676107710835
707,211441,Tillmitsch,Laßnitz,272.15,480.4,566416.85,325849.63,46.81134799213131,15.51391388637771
708,211458,Leibnitz,Sulm,262.98,1102.5,567513.35,322393.56,46.77998598247792,15.527001483353379
709,211466,Spielfeld,Mur,244.07,9480.0,576204.31,314761.28,46.70908084583723,15.637823716358241
710,211474,Lipsch,Schwarzaubach,257.87,124.2,578028.41,320878.8,46.763611520736745,15.664070154728316
711,211490,Mureck (Schreibpegel),Mur,224.23,9769.9,587969.79,315372.23,46.711335104886714,15.791897614235557
712,211516,Mureck mit Ausleitung (Summenpegel),Mur mit Ausleitung,224.23,9769.9,587969.79,315372.23,46.711335104886714,15.791897614235557
713,211508,Fluttendorf,Gnasbach,222.88,119.3,592345.19,317736.42,46.73133784549942,15.850102822401048
714,202523,Arnbach,Drau,1107.73,162.1,326678.25,316194.98,46.741322859126335,12.372953176213358
715,212225,Ausservillgraten,Winkeltalbach,1256.56,62.2,331113.18,321186.2,46.786709619021465,12.430233910856689
716,212027,Rabland,Drau,1070.98,374.0,332309.01,316695.07,46.74642626746403,12.446571253611847
717,231092,Lienz-Falkensteinsteg,Drau,679.87,668.0,356290.18,324411.05,46.81788583340655,12.7597201610336
718,212043,Hinterbichl,Isel,1327.14,107.0,324322.56,346682.37,47.01535397321137,12.336992554252843
719,212050,Hinterbichl (Mühle),Dorferbach,1335.95,35.0,324471.92,347094.45,47.019078760895525,12.338887784457969
720,212233,Hinterbichl (Mühle) (Summenpegel),Dorferbach und KW-Einzug,1335.95,35.0,324471.92,347094.45,47.019078760895525,12.338887784457969
721,212183,Waier,Isel,930.75,285.3,338704.63,344133.14,46.99392408078577,12.526541294783375
722,212068,Innergschlöß,Gschlössbach,1686.16,39.3,333144.63,358646.39,47.12395853054916,12.451255099168023
723,212076,Matreier Tauernhaus,Tauernbach,1502.29,59.9,336445.36,357955.42,47.118071585253766,12.494864240626558
724,212084,Prossegg,Tauernbach,939.05,197.2,339013.83,346465.13,47.01493474494145,12.530289202910371
725,212092,Brühl,Isel,919.58,518.4,340459.42,342058.72,46.97542189193056,12.549892723506208
726,212100,Hopfgarten im Def. Zwenewald,Schwarzach,1096.27,268.6,337477.81,335659.34,46.917566251688434,12.511591258763108
727,212118,Spöttling,Dorfer Bach,1486.78,47.0,346717.98,347571.99,47.02556739343609,12.631507413036692
728,212126,Spöttling-Taurer,Teischnitzbach,1491.09,13.9,346896.16,347573.04,47.02559135523476,12.633851765212661
729,212159,St. Johann im Walde (Brücke),Isel,744.14,1077.8,346420.04,334115.9,46.90447220268499,12.629198055591047
730,212167,Lienz,Isel,667.2,1198.7,356796.69,325941.18,46.83168693717962,12.7662118157788
731,212316,Lienz-Peggetz,Drau,661.43,1876.2,358154.69,325136.69,46.824536674086964,12.784090513929474
732,202671,Tristach (Seepegel),Tristacher See,819.62,1.7,359190.7,323261.22,46.8077273256035,12.797841413068905
733,212217,Obernußdorf,Debantbach,1169.17,56.8,361628.63,329590.02,46.86481909858302,12.829248088399428
734,212324,Oberdrauburg Ort,Drau,616.1,2108.0,372510.61,316522.61,46.747790866145,12.972806338598948
735,213660,Dellach,Drau,599.73,2195.0,380616.78,314913.29,46.73360186193794,13.078985432068894
736,212357,Sachsenburg Süd,Drau,555.02,2558.0,401265.68,325151.06,46.82601133538121,13.349231231737708
737,213926,Heiligenblut-Winkl,Möll,1229.77,142.5,362724.74,348722.08,47.037026392697626,12.842031347294181
738,212373,Winklern,Möll,878.14,412.7,366069.79,331597.25,46.883125252507185,12.887357557481531
739,213124,Flattach,Möll,687.15,706.1,385112.39,337105.86,46.93340484815995,13.137073144564312
740,213546,Jamnigalm-Brücke,Tauernbach-Mallnitz,1755.0,10.1,382706.29,344865.58,47.00316544750814,13.105164544356784
741,212381,Mallnitz,Mallnitzbach,1173.92,85.3,387936.65,342551.18,46.98245995174814,13.174022356041146
742,213447,Zandlacher Hütte,Riekenbach,1495.0,16.1,398481.46,335146.26,46.915944931267575,13.312692718480326
743,212399,Kolbnitz-Verbund,Möll,607.89,1046.8,397669.08,330620.65,46.87522146891797,13.302051149584683
744,213199,Drauhofen,Drau,547.07,3671.0,404181.49,325104.09,46.825577839647906,13.387454806314832
745,213207,Gries,Lieser,1178.49,56.8,420122.43,347872.77,47.030159712306336,13.597432000179044
746,212431,Gmünd-Ort,Lieser,738.6,359.0,415602.53,333988.79,46.905353881980936,13.537475837452472
747,212456,Ochsenhütte-Hochalm,Hochalmbach,1980.0,9.3,403731.89,346188.98,47.01529893425425,13.38172303355069
748,212472,Pflüglhof,Malta,847.25,130.5,409513.15,343556.84,46.99155941964857,13.457726509297055
749,212498,Sandriesen,Malta,739.7,266.9,415170.82,334715.43,46.911901981754035,13.531832066644327
750,213181,Döbriach,Riegerbach,590.97,189.4,424108.99,319391.62,46.77376136099529,13.648386404610035
751,212514,Millstatt-See,Millstätter See,586.99,286.3,418216.14,322455.11,46.801509999296634,13.571330823596334
752,212522,Seeboden-Seebrücke,Seebach,586.64,286.6,413475.89,323792.9,46.813659220462846,13.509257585733987
753,212530,Spittal-Fasan,Lieser,556.21,1034.0,412488.33,323106.88,46.807505595296675,13.496295941981328
754,213215,Amlach,Drau,522.79,4785.0,414574.51,319428.9,46.774369879418224,13.523518346756324
755,212563,Techendorf-See,Weißensee,928.03,49.1,397080.75,312876.26,46.71555799142302,13.294456432041205
756,213454,Gassen,Weißenbach,683.29,153.4,417547.08,314179.83,46.72706875643402,13.562248531888061
757,213462,Himmelberg,Tiebel,652.57,38.5,454373.53,316394.42,46.74500537496828,14.044368096944725
758,213876,Feldkirchen,Tiebel,536.26,60.2,458190.73,313835.61,46.72165880277966,14.094003412048277
759,213272,St. Andrä-See,Ossiacher See,500.25,165.4,443642.58,305960.11,46.65191555363162,13.902915091632615
760,212597,Urlaken,Seebach,499.74,160.3,442068.15,304187.4,46.636063904935924,13.8821795493342
761,213116,Töbring,Treffner Bach,512.55,140.1,440803.29,306059.81,46.6529928689119,13.865825245226253
762,212613,Maria Luggau-Moos,Gail,1087.41,146.1,354751.46,311593.8,46.70245751753555,12.740839498522561
763,212647,Mauthen,Gail,693.2,348.6,374470.11,307646.25,46.668003569116976,12.998960203831707
764,212670,Rattendorf,Gail,595.22,594.9,393835.41,302700.7,46.623977137559265,13.252144436175865
765,212746,Presseggen-See,Pressegger See,558.77,29.6,408086.2,303189.62,46.628361377815686,13.43826453669163
766,217232,Vorderberg-Grabenausgang,Vorderberger Wildbach,591.2,25.8,414270.96,298660.79,46.58751031958391,13.518903223339072
767,212753,Nötsch,Gail,546.0,908.5,421568.39,298140.23,46.58263184857045,13.614116042891988
768,212761,Thörl,Gailitz,593.06,188.0,424178.74,293063.06,46.53686035054186,13.647914143056516
769,212787,Federaun,Gail,498.52,1304.9,436993.08,296719.68,46.56917420776162,13.815285215164346
770,212795,Faak Bundessportheim-See,Faaker See,553.82,35.6,444568.62,297692.45,46.57746300042063,13.914210374041184
771,213736,Faak-Poglitsch,Faaker Seebach,553.86,36.5,444040.45,296822.39,46.56966982959775,13.907235344851815
772,212837,Tscheppaschlucht,Loiblbach,574.6,44.0,472727.46,288113.77,46.48880005115175,14.280094390655329
773,213611,Bad Eisenkappel-Forsthaus,Ebriachbach,539.22,69.5,496232.38,288503.26,46.48931838154467,14.586332335675479
774,212852,Miklauzhof,Vellach,459.05,194.3,496700.88,293769.28,46.53662585520019,14.593544711071347
775,212860,Maitratten-Gnesau,Gurk,975.7,201.4,445762.67,320905.04,46.78623976302747,13.932114345317657
776,212878,Urschwirtbrücke,Gurk,934.95,230.3,451558.01,319666.16,46.77466755354336,14.007886610898165
777,213769,Deutsch Griffen,Griffenbach,750.03,29.5,456587.56,328691.91,46.85546525479892,14.07487726523914
778,212886,Weitensfeld-Ost,Gurk,692.94,431.8,466134.63,328098.44,46.849239701755145,14.200006211717579
779,213306,Grades-Zwatshof,Metnitz,729.3,144.6,472040.23,342058.3,46.97422131085623,14.279674889204587
780,230102,Oberaudorf,Inn,464.41,9712.0,314776.5,416722.2,47.64430266098613,12.197921562107899
781,207480,Hainburg Straßenbrücke,Donau,136.0,104177.7,665983.84,477846.8,48.14487781506717,16.909066051698225
782,213405,Guldendorf,Olsa,652.17,161.8,480266.79,342887.55,46.98073169868382,14.387956355664683
783,212894,Hirt,Metnitz,602.15,469.4,484197.08,334162.8,46.90174551697267,14.437997232969181
784,213397,Mölbling,Gurk,579.26,1061.0,485163.54,329547.07,46.86009432122774,14.449814939340975
785,213157,Launsdorf,Gurk,509.99,1243.1,487356.24,318533.41,46.760719994998865,14.476454465884462
786,212928,Hüttenberg,Görtschitz,777.7,130.3,492498.65,338191.33,46.93687744785607,14.54779001709509
787,212936,Brückl,Görtschitz,497.3,315.6,491378.21,317617.87,46.75193979889638,14.528924416047376
788,213322,Mauthbrücken,Glan,499.71,87.2,465501.08,313883.83,46.721410585373846,14.189649968752667
789,213256,Breitenstein,Wimitz,516.54,103.9,480931.11,323305.13,46.804468044747445,14.393187127088806
790,213827,St. Veit,Glan,462.66,380.7,479825.77,318705.17,46.763216709737854,14.377896052949785
791,213801,St. Georgen-See,Längsee,549.23,5.0,482982.66,321232.8,46.785569163766915,14.419689057282566
792,213330,Wölfnitz,Moosburger Bach,452.1,57.4,471303.74,307815.25,46.66621198388813,14.264614863248656
793,213934,Klagenfurt-Professor Deutschgasse,Glan,437.17,554.5,475220.18,304243.97,46.63364563456077,14.315211604612143
794,213488,Keutschach-See,Keutschacher See,504.64,29.8,464013.19,299081.53,46.58837365643449,14.16811104983775
