"gauge_id","latitude","longitude"
"301011281104010",44.0608,142.7222
"301011281104030",44.1094,142.5978
"301011281104040",44.1189,142.5342
"301011281104060",44.1903,142.4153
"301011281104080",44.3608,142.4433
"301011281104090",44.4808,142.3364
"301011281104100",44.5928,142.3022
"301011281104110",44.7047,142.2672
"301011281104120",44.8089,142.0706
"301011281104130",44.0886,142.7469
"301011281104140",44.1656,142.3767
"301011281104150",44.3008,142.6494
"301011281104170",44.3325,142.485
"301011281104190",44.4628,142.3647
"301011281104310",44.3186,142.4469
"301011281109010",44.8983,142.0075
"301011281109030",44.9261,141.8789
"301011281109040",44.9944,141.8144
"301011281109050",44.8922,141.7397
"301011281109060",45.0108,142.0783
"301011281109070",44.9586,142.0578
"301011281109080",44.9183,142.0178
"301011281109090",44.8864,141.9131
"301011281109110",45.0042,141.7061
"301011281109120",44.9867,141.7164
"301021281109010",43.8497,141.8061
"301021281109020",43.8561,141.7597
"301021281109030",43.9136,141.6981
"301021281109040",43.9367,141.6658
"301031281101010",43.7181,142.1333
"301031281101030",43.6772,141.9817
"301031281101040",43.6358,141.9181
"301031281101050",43.5592,141.8836
"301031281101070",43.4325,141.8394
"301031281101080",43.3322,141.6906
"301031281101090",43.2208,141.6658
"301031281101100",43.1222,141.5422
"301031281101150",44.0131,142.1511
"301031281101160",43.8067,142.0131
"301031281101200",43.1656,142.5864
"301031281101220",43.3639,142.3583
"301031281101230",43.5603,142.0439
"301031281101240",43.5483,141.9111
"301031281101270",43.2883,141.7144
"301031281101280",43.2506,141.6761
"301031281101290",43.2147,142.0561
"301031281101310",43.2556,141.9169
"301031281101320",43.24,141.8656
"301031281101330",43.2072,141.7261
"301031281101340",42.9464,141.8747
"301031281101370",43.0892,141.6878
"301031281101400",42.8458,141.6703
"301031281101410",42.9425,141.6514
"301031281101430",43.02,141.5775
"301031281101450",42.8728,141.1528
"301031281101470",42.9644,141.1592
"301031281101480",42.9736,141.1731
"301031281101490",42.9664,141.2842
"301031281101500",42.9664,141.3217
"301031281101520",43.0708,141.4011
"301031281101550",43.7094,141.9261
"301031281101580",43.2775,141.9711
"301031281101600",42.9103,141.7231
"301031281101610",42.8572,141.4033
"301031281101630",42.8786,141.5703
"301031281101670",42.9883,141.5644
"301031281101680",42.8656,141.16
"301031281101690",42.9314,141.1197
"301031281101700",42.9394,141.1258
"301031281101710",43.0331,141.1286
"301031281101730",42.9497,141.2861
"301031281101740",42.9431,141.3086
"301031281101750",42.9347,141.3297
"301031281101760",42.9861,141.3061
"301031281101770",43.0575,141.4317
"301031281101790",43.1122,141.4783
"301031281101800",43.1528,141.3706
"301031281101820",42.8642,141.4108
"301031281101830",43.0128,141.1539
"301031281101840",42.9769,141.1378
"301031281101860",43.1564,141.3517
"301031281101880",43.1592,141.3481
"301031281101890",42.9411,141.5689
"301031281101900",43.0089,141.3089
"301031281101910",42.9342,141.3411
"301031281101920",43.0006,141.3114
"301031281101930",42.9569,141.2628
"301031281101940",42.9375,141.2242
"301031281104010",43.6331,143.0103
"301031281104030",43.7267,142.9547
"301031281104040",43.8417,142.7644
"301031281104050",43.8894,142.6553
"301031281104060",43.8925,142.5219
"301031281104070",43.8156,142.4189
"301031281104080",43.7781,142.3583
"301031281104090",43.7642,142.2756
"301031281104100",43.6456,143.0658
"301031281104120",43.8628,142.8428
"301031281104140",43.8017,142.4761
"301031281104150",43.7881,142.4425
"301031281104160",43.7747,142.3725
"301031281104170",43.6492,142.5864
"301031281104180",43.6928,142.5008
"301031281104190",43.7031,142.4694
"301031281104200",43.7481,142.3764
"301031281104210",43.5858,142.4561
"301031281104220",43.6431,142.3961
"301031281104230",43.68,142.3778
"301031281104240",43.665,142.4033
"301031281104250",43.8244,142.3292
"301031281104260",43.2967,142.3953
"301031281104270",43.8086,142.4661
"301031281104280",43.6203,142.7539
"301031281104290",43.6314,142.6892
"301031281104300",43.8047,142.4869
"301041281103010",42.7892,140.9342
"301041281103020",42.8858,140.7528
"301041281103030",42.8011,140.5994
"301041281103040",42.8153,140.5289
"301041281103050",42.8106,140.4611
"301051281102010",42.5069,140.1911
"301051281102020",42.4283,140.1536
"301051281102030",42.4111,140.105
"301051281102040",42.4208,140.0094
"301051281102050",42.4172,139.9208
"301051281102070",42.4992,140.2306
"301051281102080",42.4933,140.1603
"301061281105010",42.8903,142.2547
"301061281105020",42.7589,142.1364
"301061281105030",42.6581,142.0714
"301061281105040",42.5733,141.9367
"301061281105050",42.8508,142.1722
"301071281105010",42.7114,142.2461
"301071281105020",42.5825,142.1414
"301071281105030",42.5172,142.0314
"301071281105040",42.6806,142.3858
"301071281105050",42.6686,142.2461
"301081281107010",43.3228,142.9433
"301081281107020",43.0675,142.9258
"301081281107030",43.0131,142.9381
"301081281107040",42.9308,143.0469
"301081281107050",42.9344,143.2033
"301081281107060",42.9197,143.3839
"301081281107070",42.8078,143.5117
"301081281107100",43.4178,142.8664
"301081281107110",43.4122,142.8781
"301081281107120",42.92,143.0317
"301081281107130",42.8019,142.9569
"301081281107140",43.0547,143.0858
"301081281107150",43.1858,143.225
"301081281107160",43.0075,143.2
"301081281107170",42.9333,143.2094
"301081281107180",42.6114,142.8697
"301081281107200",42.6033,142.9869
"301081281107210",42.6422,143.0917
"301081281107220",42.7978,143.1567
"301081281107230",42.8397,143.1881
"301081281107240",42.9258,143.2289
"301081281107250",42.6994,143.0583
"301081281107260",42.7325,143.1089
"301081281107270",42.6917,143.0633
"301081281107280",42.9467,143.2697
"301081281107290",42.9133,143.2819
"301081281107300",42.9103,143.3564
"301081281107310",43.3586,143.6069
"301081281107320",43.0944,143.5164
"301081281107330",42.9311,143.4433
"301081281107340",43.2467,143.5678
"301081281107350",42.9197,143.4764
"301081281107360",42.7992,143.4717
"301081281107370",42.7742,143.5972
"301081281107380",42.765,143.6111
"301081281107420",42.7956,143.65
"301091281106010",43.5547,144.3575
"301091281106020",43.4883,144.4506
"301091281106030",43.4022,144.5306
"301091281106040",43.2997,144.6008
"301091281106050",43.2403,144.5378
"301091281106060",43.0853,144.4269
"301091281106070",43.0556,144.3975
"301091281106090",43.4831,144.4628
"301091281106100",43.2892,144.5367
"301091281106110",43.22,144.4311
"301091281106120",43.2164,144.3431
"301091281106130",43.1575,144.3256
"301101281108010",43.7114,144.0086
"301101281108020",43.8361,144.0981
"301101281108030",43.8978,144.1328
"301101281108050",44.0047,144.2308
"301101281108060",43.8292,144.1219
"301101281108070",43.9306,144.21
"301111281108020",43.6822,143.5994
"301111281108030",43.7547,143.84
"301111281108040",43.7994,143.9128
"301111281108050",43.9214,143.9675
"301111281108060",44.0125,143.9856
"301111281108070",44.0578,144.0311
"301111281108100",43.7881,143.6208
"301111281108110",43.7886,143.8897
"301111281108120",43.9125,143.9114
"301121281108010",44.0058,143.3383
"301121281108020",44.0522,143.5194
"301121281108030",44.0994,143.5436
"301121281108040",44.1992,143.5928
"301121281108050",44.0528,143.5439
"301131281108010",44.1922,143.0764
"301131281108020",44.2494,143.2594
"301131281108030",44.3494,143.2744
"301131281108040",44.3794,143.3011
"301131281108050",44.1369,143.2006
"302011282206030",38.0958,140.8717
"302011282206060",38.0183,140.8014
"302011282206080",37.9217,140.7558
"302011282206090",37.9261,140.7536
"302011282206100",38.0619,140.7706
"302011282218010",37.8675,140.6092
"302011282218020",37.8325,140.6172
"302011282218040",37.8286,140.5203
"302011282218050",37.8111,140.4958
"302011282218070",37.7814,140.4433
"302011282218080",37.7608,140.3775
"302011282218090",37.7553,140.4022
"302011282218100",37.7497,140.4689
"302011282218110",37.7511,140.4528
"302011282218120",37.7497,140.3875
"302011282218140",37.7356,140.3886
"302011282218150",37.7272,140.4731
"302011282218170",37.6825,140.3275
"302011282218210",37.5944,140.465
"302011282218220",37.5819,140.5131
"302011282218250",37.5158,140.4044
"302011282218270",37.4081,140.4094
"302011282218290",37.3464,140.3736
"302011282218300",37.3011,140.3853
"302011282218310",37.2872,140.3536
"302011282218320",37.2725,140.4069
"302011282218330",37.1419,140.415
"302011282218350",37.1344,140.2094
"302011282228080",37.4153,140.6078
"302011282228090",37.4369,140.6483
"302011282228100",37.4242,140.5247
"302011282228110",37.3703,140.4289
"302021282206010",38.1781,140.9519
"302021282206030",38.2061,140.8861
"302021282206050",38.2358,140.8892
"302021282206060",38.2686,140.8089
"302021282224020",38.2347,140.7078
"302021282224030",38.1989,140.7269
"302021282224050",38.2094,140.6367
"302021282224060",38.1725,140.6653
"302021282224070",38.2006,140.6053
"302021282224990",38.2181,140.815
"302031282207050",38.5272,141.0586
"302031282207070",38.5272,140.9489
"302031282207110",38.435,141.1161
"302031282207120",38.4422,141.0678
"302031282207140",38.4317,140.8906
"302031282207150",38.4281,140.9294
"302041282204020",39.7139,141.1303
"302041282204030",39.6906,141.1519
"302041282204080",39.5525,141.1756
"302041282204110",39.3917,141.1297
"302041282204150",39.2611,141.1222
"302041282204180",39.1958,141.1272
"302041282204200",39.1678,141.1547
"302041282204230",39.0653,141.1625
"302041282204250",39.02,141.1322
"302041282204270",38.9483,141.1708
"302041282204280",38.9508,141.1925
"302041282204310",38.8994,141.2633
"302041282204320",38.8433,141.2689
"302041282204330",39.925,141.2286
"302041282204340",39.7147,141.1753
"302041282204360",39.7017,141.1233
"302041282204380",39.3925,141.1503
"302041282204390",39.3792,141.1064
"302041282204400",39.205,141.1594
"302041282204420",39.1858,141.1814
"302041282204430",39.0164,141.0894
"302041282204440",38.9436,141.0525
"302041282204450",38.9281,141.1289
"302041282204460",38.9289,141.2522
"302041282204470",38.8961,141.2872
"302041282204480",38.8611,141.3197
"302041282204490",38.9761,141.2406
"302041282207050",38.6028,141.2983
"302041282207080",38.6586,141.2864
"302041282207090",38.7042,141.2881
"302041282207100",38.7636,141.2708
"302041282207140",38.5258,141.2275
"302041282207150",38.6036,141.2808
"302041282207190",38.5464,141.1267
"302041282207200",38.5647,141.0256
"302041282207210",38.5678,141.0133
"302041282207220",38.5814,140.9775
"302041282207250",38.5708,140.9822
"302041282220010",39.1017,140.8711
"302041282220020",39.0767,140.8639
"302041282220060",39.1303,141.0069
"302041282220070",39.3989,140.7692
"302041282220080",39.2914,141.0706
"302041282220090",39.3597,141.5503
"302041282220100",39.32,141.4611
"302041282220110",39.2978,141.3814
"302041282220130",39.3614,141.2833
"302041282220140",39.8722,141.1781
"302041282220150",39.8742,141.1608
"302041282220160",39.8342,141.1608
"302041282220180",39.6897,140.9453
"302041282220190",39.6911,140.9578
"302041282220200",39.6542,140.9533
"302051282201020",40.5169,141.4703
"302051282201030",40.4856,141.4286
"302051282201040",40.4444,141.3481
"302051282201050",40.2597,141.2906
"302051282201060",40.1303,141.3653
"302051282201070",40.2375,141.2333
"302051282201990",40.5022,141.4447
"302061282202010",40.7542,141.2333
"302061282202020",40.7381,141.2444
"302061282202030",40.7139,141.2792
"302061282202040",40.7,141.3203
"302061282202050",40.6933,141.3253
"302061282202080",40.7781,141.2581
"302071282201030",40.9111,140.4181
"302071282201040",40.81,140.4372
"302071282201050",40.6944,140.4539
"302071282201070",40.5919,140.4167
"302071282201080",40.645,140.4947
"302071282201090",40.6303,140.5019
"302071282201100",40.5519,140.5467
"302071282222010",40.6428,140.5183
"302071282222020",40.6414,140.5292
"302071282222030",40.6075,140.6647
"302071282222040",40.5236,140.7233
"302091282209010",39.5478,140.2244
"302091282209020",39.6147,140.1572
"302091282209050",39.5561,140.26
"302091282209060",39.6556,140.1694
"302091282209070",39.7147,140.0947
"302091282210020",39.5494,140.3608
"302091282210030",39.4842,140.4217
"302091282210040",39.4503,140.4669
"302091282210050",39.3414,140.4392
"302091282210060",39.2761,140.4006
"302091282210080",39.1894,140.4514
"302091282210090",39.1086,140.4769
"302091282210100",39.0756,140.4539
"302091282210110",39.5408,140.5269
"302091282210120",39.6886,140.555
"302091282210130",39.2056,140.5161
"302091282210140",39.1986,140.5828
"302091282210150",39.0031,140.4692
"302091282210960",39.3056,140.5753
"302091282226010",39.6064,140.6222
"302091282226020",39.9261,140.7092
"302091282226030",39.8617,140.7106
"302101282209010",39.2314,140.1481
"302101282209020",39.2717,140.1117
"302101282209030",39.3158,140.1011
"302101282209040",39.3536,140.0697
"302101282209050",39.3756,140.0661
"302101282209070",39.1578,140.2533
"302101282209080",39.3219,140.1761
"302101282209090",39.3439,140.0908
"302101282209100",39.4158,140.07
"302111282214010",38.4814,140.35
"302111282214020",38.4211,140.3264
"302111282214040",38.3403,140.2858
"302111282214050",38.3694,140.2394
"302111282214060",38.3503,140.1978
"302111282214070",38.3036,140.1358
"302111282214080",38.1983,140.1022
"302111282214090",38.1139,140.0483
"302111282214100",38.0664,140.0647
"302111282214130",37.9861,140.1417
"302111282214140",37.9442,140.1267
"302111282214160",38.3967,140.2833
"302111282214170",38.3472,140.3072
"302111282214180",38.2922,140.2792
"302111282215010",38.7589,140.0644
"302111282215030",38.8197,139.9764
"302111282215040",38.8797,139.9075
"302111282215050",38.8872,139.8419
"302111282215080",38.8842,139.8383
"302111282216010",38.7767,140.0175
"302111282216050",38.7383,140.1433
"302111282216060",38.7456,140.1942
"302111282216070",38.7989,140.2128
"302111282216080",38.8683,140.2289
"302111282216100",38.86,140.2503
"302111282216120",38.8639,140.2803
"302111282216140",38.7019,140.2319
"302111282216150",38.6872,140.2347
"302111282216170",38.6042,140.1653
"302111282216180",38.6906,140.2778
"302111282216190",38.7556,140.4258
"302111282216200",38.6625,140.2881
"302111282216210",38.5892,140.3692
"302111282221010",37.9181,139.8861
"302111282221020",37.9131,139.9153
"302111282221030",38.0114,139.9664
"302111282221040",38.0269,139.9867
"302111282221050",38.3914,139.9969
"302111282221060",38.4489,140.0533
"302121282215010",38.6067,139.8331
"302121282215020",38.6306,139.8478
"302121282215040",38.7256,139.8508
"302121282215050",38.7728,139.8494
"302121282215070",38.8411,139.8144
"302121282227010",38.6172,139.84
"302121282227020",38.6172,139.84
"302121282227030",38.5897,139.8517
"302121282227050",38.5711,139.9233
"303011283322010",36.6328,140.3972
"303011283322020",36.5525,140.4267
"303011283322040",36.4964,140.5544
"303011283322050",36.495,140.5675
"303011283322070",36.5414,140.4714
"303011283322080",36.5369,140.5406
"303021283322020",36.3769,140.4803
"303021283322030",36.4208,140.4347
"303021283322040",36.55,140.3258
"303021283322060",36.7558,140.1431
"303021283322070",36.8569,140.1186
"303021283322100",36.3694,140.4978
"303031283301010",35.9222,139.9778
"303031283301020",35.9817,139.89
"303031283301030",36.1431,139.6983
"303031283301040",36.1947,139.5153
"303031283301050",36.2408,139.3833
"303031283301060",36.2644,139.1981
"303031283301070",36.3128,139.12
"303031283301090",36.1931,139.6961
"303031283301100",36.2544,139.6542
"303031283301110",36.2619,139.7475
"303031283301150",36.2925,139.7325
"303031283303170",36.1136,140.1428
"303031283303180",36.1842,140.2594
"303031283303190",35.9436,140.2506
"303031283303200",36.0111,140.2647
"303031283303210",36.1694,140.3519
"303031283303220",36.1581,140.4756
"303031283303230",36.1567,140.5117
"303031283305120",35.8508,139.8944
"303031283305140",35.9383,139.8497
"303031283305170",36.0903,139.7761
"303031283305190",36.1033,139.7892
"303031283305210",36.1217,139.7664
"303031283305520",35.8842,139.8383
"303031283305540",35.955,139.8053
"303031283305570",35.9164,139.8083333
"303031283305600",35.9125,139.8016667
"303031283305610",35.8978,139.7869
"303031283305780",35.8869,139.7417
"303031283306020",36.2683,139.5931
"303031283306050",36.3019,139.5028
"303031283306080",36.3339,139.4447
"303031283306090",36.3553,139.3869
"303031283306170",36.4344,139.2803
"303031283306220",36.2806,139.5772
"303031283306300",36.2789,139.5017
"303031283306420",36.3056,139.5336
"303031283306540",36.4067,139.35
"303031283307010",36.75,139.7983
"303031283307020",36.7481,139.8014
"303031283307080",36.5422,139.9472
"303031283307100",36.2906,139.9114
"303031283307110",36.2258,139.9117
"303031283307130",36.1525,139.9492
"303031283307160",36.0217,139.985
"303031283307200",36.4328,140.0653
"303031283307210",36.3919,140.0311
"303031283307230",36.2906,139.9981
"303031283307240",36.25,139.9964
"303031283307270",36.1072,139.9986
"303031283307330",36.0036,139.9922
"303031283307380",35.9253,140.1286
"303031283307390",36.4092,139.9878
"303031283314010",36.5503,138.7839
"303031283317010",36.5519,138.9214
"303031283323030",36.3217,139
"303031283323040",36.2911,139.0761
"303031283323050",36.2797,139.1239
"303031283323060",36.3208,138.8883
"303031283323070",36.2606,139.0256
"303031283323090",36.1936,139.0636
"303031283323100",36.2722,139.1286
"303031283323110",36.1919,138.96
"303031283323120",36.4189,138.7953
"303031283323130",36.2778,139.1564
"303031283323140",36.2172,138.8031
"303041283308010",36.1125,139.1975
"303041283308020",36.1353,139.2822
"303041283308040",36.0839,139.4383
"303041283308050",35.9853,139.5194
"303041283308060",35.8908,139.5597
"303041283308080",36.0919,139.4294
"303041283308110",36.0181,139.4811
"303041283308140",35.9219,139.4544
"303041283308150",35.9561,139.4742
"303041283308160",35.9528,139.5111
"303041283308170",35.9658,139.345
"303041283308180",35.9789,139.3781
"303041283308190",35.9836,139.4019
"303041283308200",35.9561,139.4742
"303041283308210",35.9772,139.3911
"303041283308220",36.0192,139.3819
"303041283308230",36.0081,139.4208
"303041283308240",35.9353,139.4417
"303041283308300",35.9881,139.4367
"303051283310050",35.6442,139.5278
"303051283310060",35.6819,139.4122
"303051283310070",35.7811,139.2667
"303051283310080",35.6486,139.4583
"303051283310090",35.6644,139.41
"303051283310100",35.6667,139.3297
"303051283310110",35.7181,139.2994
"303061283310060",35.515,139.6089
"303061283310070",35.5133,139.5519
"303061283310090",35.5472,139.6206
"303061283310100",35.5028,139.6069
"303061283310110",35.5369,139.4983
"303061283310120",35.5697,139.5122
"303071283310030",35.4439,139.3711
"303071283319020",35.4967,139.345
"303081283324010",35.6481,138.6414
"304011284406010",38.0875,139.7275
"304011284406020",38.0894,139.5733
"304011284406030",38.1122,139.4858
"304011284406040",38.135,139.4611
"304011284406070",38.0569,139.7444
"304021284402010",37.7381,139.2708
"304021284402030",37.8231,139.1539
"304021284402040",37.8531,139.1553
"304021284402080",37.7461,139.1981
"304021284415010",37.5767,139.7678
"304031284401020",37.6247,138.9097
"304031284401040",37.6375,138.9486
"304031284401060",37.6944,139.0342
"304031284401070",37.7839,139.0575
"304031284401080",37.8353,139.0619
"304031284401090",37.8819,139.0144
"304031284401130",37.5186,138.9292
"304031284401170",37.8219,139.0019
"304031284401180",37.5453,139.0881
"304031284401200",37.6306,139.0958
"304031284403020",37.6636,138.7886
"304031284403060",37.4481,138.8364
"304031284403070",37.3086,138.8008
"304031284403080",37.2472,138.8031
"304031284403090",37.0958,138.7183
"304031284403100",36.9892,138.5858
"304031284403110",37.2419,138.9311
"304031284403130",37.23,138.9567
"304031284403140",37.1697,138.9272
"304031284403150",37.0617,138.8814
"304031284403160",37.5531,138.8203
"304031284416010",36.2728,138.4186
"304031284416030",36.3697,138.2819
"304031284416080",36.5328,138.1119
"304031284416100",36.7319,138.3094
"304031284416130",36.8917,138.4019
"304031284416160",36.2175,137.8708
"304031284416170",36.2869,137.9433
"304031284416180",36.3956,137.9267
"304031284416190",36.6203,138.1417
"304031284416210",36.2672,137.9439
"304041284407010",37.0311,138.2667
"304041284407020",37.1164,138.2636
"304041284407060",37.0781,138.255
"304041284407070",37.1578,138.4253
"304041284407080",37.1789,138.2872
"304051284407020",36.9864,137.8706
"304071284408010",36.5756,137.3431
"304071284408020",36.6031,137.3142
"304071284408030",36.7303,137.2831
"304081284408010",36.5722,137.1853
"304081284408040",36.7014,137.2042
"304081284408060",36.6242,137.2097
"304081284408070",36.6619,137.1997
"304081284408090",36.5908,137.1428
"304081284408100",36.6883,137.1836
"304091284408020",36.5789,136.9908
"304091284408040",36.735,137.0436
"304091284408050",36.7278,137.0467
"304101284408030",36.625,136.8922
"304101284408040",36.6808,136.8825
"304101284408060",36.7583,136.9831
"304101284408070",36.5875,136.9031
"304101284408080",36.6539,136.8603
"304101284408090",36.6925,136.8692
"304111284412020",36.1678,136.6319
"304111284412060",36.2731,136.6478
"304111284412070",36.4125,136.6314
"304111284412080",36.4492,136.6203
"304111284412120",36.2911,136.6492
"304121284412010",36.4042,136.5136
"304121284412020",36.4158,136.4511
"304121284412030",36.4139,136.4414
"305011285508010",34.9906,138.9392
"305011285508020",35.0386,138.9442
"305011285508060",35.0922,138.9006
"305011285508070",35.0992,138.8697
"305011285508110",35.0733,138.9397
"305011285508120",35.0897,138.9356
"305011285508170",35.1183,138.8858
"305021285507020",35.0711,138.37
"305021285507030",34.9583,138.3653
"305021285507070",35.0156,138.2692
"305031285507010",34.8825,138.1083
"305031285507020",34.8289,138.2086
"305031285507040",34.8483,138.1436
"305031285507050",34.8206,138.1492
"305031285523010",35.1894,138.1972
"305041285510020",34.7394,138.0886
"305041285510060",34.7319,138.0939
"305041285510070",34.6803,138.0872
"305041285510080",34.6919,138.0533
"305051285510020",34.8536,137.8047
"305051285510070",34.9533,137.8831
"305051285516010",35.9647,137.9839
"305051285516030",35.8369,137.9614
"305051285516060",35.5956,137.93
"305051285516090",35.4619,137.8317
"305061285512010",34.9853,137.5247
"305061285512020",34.9667,137.5544
"305061285512030",34.8664,137.4469
"305061285512040",34.8911,137.4947
"305061285512070",34.8106,137.4192
"305061285512120",34.9794,137.5592
"305061285512130",34.9317,137.5736
"305061285512140",34.8017,137.3989
"305071285512010",35.0897,137.1661
"305071285512020",35.0028,137.1672
"305071285512040",34.8961,137.0981
"305071285512050",34.8894,137.0592
"305071285512080",35.0553,137.2136
"305071285512090",34.9503,137.1761
"305071285520060",35.27,137.4786
"305091285506040",35.5975,136.42
"305091285519050",35.535,137.4458
"305101285514010",34.8486,136.4433
"305101285514020",34.8758,136.5139
"305101285514030",34.9019,136.595
"305101285514040",34.9069,136.6167
"305101285514050",34.8825,136.4844
"305101285514060",34.9192,136.5964
"305111285514010",34.6447,136.4078
"305111285514020",34.6572,136.4667
"305111285514030",34.6494,136.4997
"305111285514040",34.6467,136.5131
"305111285514060",34.6736,136.4161
"305111285514070",34.6514,136.4253
"305111285514080",34.5881,136.4003
"305111285514090",34.6197,136.4528
"305121285514010",34.5056,136.5403
"305121285514030",34.5456,136.5853
"305121285514040",34.4889,136.5553
"305121285521030",34.3808,136.2222
"305121285521050",34.4219,136.2853
"305131285514010",34.4644,136.6542
"306021286614020",34.3469,135.6919
"306021286614030",34.3261,135.6575
"306021286614040",34.3147,135.6139
"306021286614070",34.2944,135.5233
"306021286614100",34.2472,135.3706
"306021286614120",34.2514,135.3106
"306021286614130",34.2492,135.2611
"306021286614200",34.2181,135.3267
"306021286614210",34.2369,135.3364
"306031286607010",34.5978,135.7692
"306031286607030",34.5994,135.7103
"306031286607040",34.5858,135.6844
"306031286607050",34.5708,135.6358
"306031286607060",34.5817,135.6172
"306031286607070",34.5897,135.4972
"306031286607090",34.6247,135.7911
"306031286607100",34.5842,135.7514
"306031286607130",34.5703,135.6214
"306031286607150",34.5947,135.4886
"306041286603080",34.9733,135.9058
"306041286603120",34.9411,135.9167
"306041286603130",34.9861,136.1192
"306041286603140",34.9861,136.1186
"306041286603180",35.0619,136.0047222
"306041286603190",35.1017,135.9894
"306041286603210",35.4022,136.2333
"306041286603290",35.0131,135.9425
"306041286606010",34.8944,135.8036
"306041286606040",34.9267,135.7697
"306041286606060",34.8975,135.7178
"306041286606080",34.8681,135.6689
"306041286606090",34.8136,135.6344
"306041286606160",34.9578,135.8108
"306041286606190",34.7589,135.8694
"306041286606230",34.8019,135.7981
"306041286606260",34.8864,135.7042
"306041286606280",35.0892,135.5114
"306041286606290",35.0169,135.5881
"306041286606310",35.0272,135.6467
"306041286606320",35.0119,135.6789
"306041286606330",34.9822,135.7125
"306041286606340",34.9278,135.7297
"306041286606350",34.9081,135.7175
"306041286606370",34.9661,135.7592
"306041286606440",34.8289,135.6139
"306041286608010",34.9058,135.37
"306041286608020",34.8728,135.3956
"306041286608030",34.8542,135.4153
"306041286608040",34.8261,135.4222
"306041286608050",34.7967,135.4225
"306041286608060",34.7703,135.4342
"306041286608070",34.7636,135.4539
"306041286608080",34.7633,135.4383
"306041286609010",34.8886,135.4689
"306041286609020",34.8556,135.4408
"306041286617010",34.7114,136.1536
"306041286617020",34.7447,136.1214
"306041286617040",34.7594,136.115
"306041286617060",34.7778,136.1003
"306041286617070",34.7678,136.0578
"306041286617090",34.7739,136.1611
"306041286617100",34.785,136.1228
"306041286617110",34.8011,136.1625
"306041286617140",34.62,136.0817
"306051286611020",35.0631,135.0081
"306051286611030",34.9642,134.9731
"306051286611050",34.8375,134.9211
"306051286611080",35.0817,135.0422
"306051286611090",34.8789,134.95
"306051286611100",34.8567,134.9014
"306051286611110",34.8019,134.9511
"306061286611020",35.0997,134.5831
"306061286611030",34.9969,134.5531
"306061286611040",34.8661,134.5486
"306061286611050",34.8044,134.5606
"306061286611070",34.9211,134.5403
"306061286611080",34.9725,134.5825
"306061286611090",34.8531,134.5647
"306061286611100",34.8144,134.5564
"306061286611120",35.2078,134.6203
"306061286611130",35.1717,134.6211
"306071286601050",36.0994,136.2981
"306071286601080",36.1025,136.2083
"306071286601100",36.1464,136.1633
"306071286601130",36.0081,136.1642
"306071286601150",36.0856,136.185
"306071286601160",36.0206,136.2889
"306071286619030",35.905,136.6667
"306071286619060",35.9722,136.6308
"306071286619070",35.8781,136.5075
"306071286619110",35.9372,136.5531
"306071286619120",35.9906,136.5175
"306081286601010",35.4486,135.8972
"306081286601030",35.4933,135.78
"306091286605010",35.3011,135.2667
"306091286605020",35.3108,135.1714
"306091286605030",35.3044,135.1244
"306091286605040",35.3433,135.1114
"306091286605050",35.3836,135.1556
"306091286605080",35.4517,135.27
"306091286605110",35.2725,135.1589
"306091286605200",35.3233,135.6856
"306101286610010",35.3372,134.86
"306101286610020",35.4186,134.7894
"306101286610050",35.4825,134.7992
"306101286610070",35.5436,134.8281
"306101286610120",35.32,134.6097
"306101286610130",35.3714,134.765
"306101286610160",35.4636,134.8681
"306101286610180",35.5478,134.7864
"307011287701010",35.2744,134.2239
"307011287701020",35.3419,134.2017
"307011287701040",35.415,134.2025
"307011287701050",35.5003,134.2142
"307011287701080",35.3489,134.3975
"307011287701090",35.4033,134.2142
"307011287701110",35.4581,134.2975
"307011287701120",35.4789,134.2683
"307021287702010",35.3319,133.8383
"307021287702020",35.4417,133.8458
"307021287702030",35.4603,133.84
"307021287702060",35.4092,133.8972
"307021287702100",35.3806,133.7758
"307021287702110",35.4311,133.81
"307021287702120",35.4283,133.745
"307021287702130",35.4233,133.7911
"307031287703010",35.1908,133.3314
"307031287703020",35.2442,133.4453
"307031287703030",35.3436,133.4347
"307031287703040",35.3872,133.4017
"307031287703060",35.4311,133.3644
"307031287703080",35.2386,133.2706
"307031287703150",35.3383,133.3244
"307031287703160",35.4069,133.3628
"307041287705030",35.2914,132.8958
"307041287705040",35.3247,132.8822
"307041287705050",35.3397,132.8303
"307041287705140",35.3686,132.7831
"307041287705230",35.4281,132.8344
"307041287705390",35.2939,132.8803
"307041287705400",35.3408,132.9117
"307041287705460",35.3383,132.7644
"307051287707010",34.9486,132.64
"307051287707030",34.9953,132.5036
"307051287707040",34.9569,132.3822
"307051287707060",34.9681,132.3244
"307051287707070",34.9811,132.3044
"307051287707080",34.9983,132.2842
"307051287711020",34.6653,132.7147
"307051287711040",34.7275,132.7831
"307051287711070",34.7911,132.8322
"307051287711080",34.8117,132.8411
"307051287711100",34.8881,132.6781
"307051287711120",34.8028,132.8825
"307051287711130",34.8631,133.0122
"307051287711160",34.8169,132.8467
"307051287711170",34.83,132.8056
"307051287716010",34.6775,132.5697
"307051287716020",34.6406,132.6214
"307061287707010",34.5331,131.8569
"307061287707020",34.5461,131.8344
"307061287707030",34.6072,131.7981
"307061287707040",34.6758,131.8247
"307061287707060",34.6131,131.8236
"307071287715010",34.2336,131.6617
"307071287715020",34.1894,131.6542
"307071287715030",34.1803,131.6439
"307071287715040",34.1039,131.5953
"307071287715050",34.0636,131.5583
"307071287715070",34.2322,131.6772
"307071287715080",34.1986,131.7769
"307071287715090",34.1481,131.7358
"307071287715100",34.1875,131.6567
"307081287712010",34.2283,132.1772
"307081287712020",34.2097,132.195
"307081287717010",34.275,132.1344
"307081287717040",34.2336,132.1714
"307081287717050",34.2264,132.1994
"307081287717060",34.2233,132.1253
"307091287712010",34.58,132.21
"307091287712020",34.5731,132.2322
"307091287712030",34.6086,132.3197
"307091287712040",34.5356,132.4339
"307091287712050",34.5122,132.5058
"307091287712080",34.4617,132.4939
"307091287712130",34.5244,132.3156
"307091287712140",34.5719,132.3711
"307091287712160",34.4836,132.5339
"307091287712190",34.5067,132.5161
"307091287712200",34.4514,132.4728
"307091287712210",34.4578,132.4764
"307091287714010",34.665,132.3019
"307091287714020",34.6253,132.3044
"307091287714030",34.6158,132.3183
"307101287710010",34.5992,133.1867
"307101287710020",34.5642,133.2361
"307101287710030",34.5439,133.2864
"307101287710050",34.5219,133.3539
"307101287710060",34.4933,133.34
"307101287710080",34.5547,133.2772
"307101287710090",34.5739,133.4183
"307101287710100",34.5436,133.3808
"307101287710110",34.5203,133.3578
"307101287710120",34.4836,133.3406
"307101287718010",34.6292,133.11
"307101287718030",34.5303,133.3319
"307101287718040",34.6353,133.1103
"307101287718050",34.5683,133.1278
"307111287708010",34.8053,133.6161
"307111287708020",34.715,133.6811
"307111287708050",34.6083,133.745
"307111287708120",34.7819,133.25
"307111287708130",34.6519,133.3942
"307111287708140",34.5969,133.4775
"307111287708150",34.6231,133.5925
"307111287708170",34.6297,133.7139
"307121287708010",34.7419,133.9608
"307121287708020",34.7319,133.9603
"307121287708040",34.6819,133.9339
"307121287708070",34.7994,133.9281
"307121287708160",34.6742,133.9519
"307121287708170",34.735,134.0339
"307131287708010",35.0553,133.9953
"307131287708030",34.9531,134.0617
"307131287708040",34.9211,134.0981
"307131287708050",34.8753,134.1042
"307131287708060",34.7928,134.1103
"307131287708090",34.7119,134.0872
"307131287708130",34.8047,134.1583
"307131287708220",35.0461,134.2608
"307131287708240",35.0881,134.2094
"307131287708260",35.2031,134.0933
"308011288805010",33.7833,132.8742
"308041288808010",33.5742,133.1728
"308041288808020",33.5525,133.4139
"308041288808060",33.6083,133.1719
"308041288808070",33.6072,133.2975
"308041288808110",33.5439,133.4297
"308041288813050",33.5481,133.3942
"308051288808020",33.5683,133.6817
"308071288801010",34.0464,134.0506
"308071288801020",34.1097,134.4486
"309011289902010",33.5539,130.7331
"309011289902030",33.6608,130.6892
"309011289902040",33.74,130.73
"309011289902050",33.7497,130.7319
"309011289902060",33.7922,130.7111
"309011289902070",33.8156,130.7072
"309011289902090",33.6189,130.6753
"309011289902120",33.5686,130.8517
"309011289902130",33.6489,130.8117
"309011289902140",33.6986,130.7719
"309011289902150",33.7333,130.7333
"309011289902160",33.6661,130.8117
"309011289902170",33.6314,130.7933
"309011289902190",33.7244,130.6728
"309011289902210",33.8106,130.6731
"309021289903010",33.2681,129.9631
"309021289903020",33.2997,129.9669
"309021289903040",33.3658,130.0036
"309021289903090",33.3119,130.0733
"309021289903100",33.3514,130.0131
"309021289903110",33.3703,129.9481
"309021289903120",33.3758,129.9531
"309021289922010",33.3397,130.1114
"309021289922020",33.3253,130.0961
"309041289903010",33.1722,130.0389
"309041289903110",33.1933,130.02
"309041289903120",33.2622,130.0847
"309041289903130",33.2756,130.1475
"309041289903170",33.2633,130.1894
"309051289903010",33.3306,130.2675
"309051289903020",33.2781,130.2539
"309051289903060",33.3036,130.2039
"309051289903080",33.2714,130.235
"309061289901010",33.2511,130.9711
"309061289901020",33.3064,130.9428
"309061289901060",33.3461,130.8322
"309061289901110",33.3639,130.7528
"309061289901130",33.3528,130.6322
"309061289901190",33.3192,130.4944
"309061289901330",33.2981,130.9644
"309061289901360",33.3297,130.9344
"309061289901400",33.3419,130.7889
"309061289901410",33.3808,130.6606
"309061289901430",33.3811,130.6342
"309061289901450",33.3425,130.6911
"309061289901510",33.3767,130.5514
"309061289901580",33.3133,130.3667
"309061289901650",33.3186,130.3872
"309061289904070",33.2914,130.3189
"309061289920010",33.1836,131.0333
"309061289920030",33.2303,130.9833
"309061289920040",33.2747,130.9539
"309061289920050",33.1336,130.9422
"309061289920070",33.11,130.9614
"309061289920080",33.1178,130.9689
"309071289901040",33.1825,130.5047
"309081289911020",32.9564,130.7928
"309081289911030",32.98,130.7353
"309081289911040",32.9925,130.7197
"309081289911050",33.0106,130.6872
"309081289911060",33.0236,130.6242
"309081289911080",32.9383,130.5831
"309081289911110",32.9864,130.8067
"309081289911120",32.9331,130.7328
"309081289911130",32.9708,130.7272
"309081289911140",33.0411,130.6775
"309081289911160",32.9378,130.5617
"309081289911170",32.9775,130.7453
"309081289911210",32.9719,130.7539
"309081289911320",33.0697,130.8617
"309081289911350",33.0581,130.8725
"309081289911370",32.9881,130.8278
"309081289911380",32.9881,130.8278
"309091289908020",32.8586,130.8744
"309091289908060",32.7964,130.7069
"309101289908010",32.6422,130.8342
"309101289908020",32.6447,130.8069
"309101289908030",32.7347,130.7392
"309101289908060",32.7203,130.8736
"309101289908070",32.7008,130.825
"309101289908080",32.7117,130.7972
"309101289908100",32.7594,130.7533
"309101289908170",32.7211,130.6772
"309121289918020",32.0592,130.7806
"309121289918060",32.0122,130.7417
"309121289918070",31.9528,130.7161
"309121289918080",31.9861,130.6653
"309121289918100",32.0058,130.6286
"309121289918110",31.9369,130.4669
"309121289918120",31.9086,130.4544
"309121289918130",31.8561,130.3894
"309121289918140",31.8625,130.3358
"309121289918160",31.8233,130.3106
"309121289918200",32.0322,130.6153
"309121289924020",32.0156,130.5989
"309131289919010",31.3975,130.8558
"309131289919020",31.3842,130.8525
"309131289919030",31.365,130.8828
"309131289919040",31.3556,130.9017
"309131289919050",31.3617,130.9472
"309131289919060",31.3611,130.9742
"309131289919100",31.3744,130.8575
"309131289919110",31.3442,130.9022
"309131289919120",31.2975,130.9583
"309131289919130",31.3472,130.9436
"309131289919140",31.3919,130.9614
"309141289916010",31.72,131.0522
"309141289916020",31.7667,131.0664
"309141289916050",31.8597,131.1131
"309141289916060",31.9547,131.3011
"309141289916080",31.9547,131.3986
"309141289916130",31.9939,131.2458
"309141289916140",31.9844,131.3189
"309141289916160",32.0028,131.2689
"309151289916010",32.1631,131.4739
"309151289916020",32.1386,131.5156
"309151289916040",32.1214,131.5092
"309181289913020",33.0744,131.6364
"309181289913030",33.1617,131.6489
"309181289913310",33.1689,131.6386
"309191289913020",33.1953,131.5117
"309191289913040",33.2047,131.5867
"309191289913050",33.2019,131.605
"309191289913100",33.2153,131.5503
"309191289913130",33.1775,131.5536
